Habit,CHR,START,END,KB,N_MRK,N_EXTR_MRK,MEAN_EXTR_MRK,Stat,Pops,Category,Pop.H,label,threshold.99
both,1A,10,17,7000,31,31,3.481115646564948,xpEHH,IN,both.IN,IN_both, 17.0_IN_B_xpe_3.48_31/31,2.5
win,1A,10,17,7000,31,31,3.6419645313504336,xpEHH,IN,win.IN,IN_win, 17.0_IN_W_xpe_3.64_31/31,2.5
win,1A,12,15,3000,11,8,3.654836310689202,Rsb,NY,win.NY,NY_win, 15.0_NY_W_rsb_3.65_8/11,2.5
win,1A,12.5,15,2500,8,7,2.8966778329775904,xpEHH,NY,win.NY,NY_win, 15.0_NY_W_xpe_2.90_7/8,2.5
win,1A,19,29.5,10500,29,28,2.8904660942319436,xpEHH,IN,win.IN,IN_win, 29.5_IN_W_xpe_2.89_28/29,2.5
both,1A,20.5,38,17500,42,41,2.7699156497523125,xpEHH,IN,both.IN,IN_both, 38.0_IN_B_xpe_2.77_41/42,2.5
win,1A,20.5,39,18500,44,43,2.9075207342897422,Rsb,NE,win.NE,NE_win, 39.0_NE_W_rsb_2.91_43/44,2.5
both,1A,22.5,39,16500,37,37,3.2642257698638617,Rsb,NE,both.NE,NE_both, 39.0_NE_B_rsb_3.26_37/37,2.5
both,1A,22.5,39,16500,37,36,3.139817121409478,xpEHH,NE,both.NE,NE_both, 39.0_NE_B_xpe_3.14_36/37,2.5
win,1A,22.5,39,16500,37,37,3.0305962333241094,xpEHH,NE,win.NE,NE_win, 39.0_NE_W_xpe_3.03_37/37,2.5
win,1A,23.5,26,2500,7,6,2.5418455760648264,Rsb,gpl,win.gpl,gpl_win, 26.0_gpl_W_rsb_2.54_6/7,2.5
win,1A,23.5,28,4500,12,11,3.015879839139729,Rsb,pnw2,win.pnw2,pnw2_win, 28.0_pnw2_W_rsb_3.02_11/12,2.5
win,1A,23.5,31,7500,19,18,3.7113086560476134,Rsb,ID,win.ID,ID_win, 31.0_ID_W_rsb_3.71_18/19,2.5
both,1A,23.5,31,7500,19,17,2.944417816991868,Rsb,MT,both.MT,MT_both, 31.0_MT_B_rsb_2.94_17/19,2.5
both,1A,23.5,37,13500,30,29,2.8890688557017192,Rsb,TX,both.TX,TX_both, 37.0_TX_B_rsb_2.89_29/30,2.5
both,1A,24.5,37,12500,27,27,2.680994480800085,xpEHH,TX,both.TX,TX_both, 37.0_TX_B_xpe_2.68_27/27,2.5
spr,1A,25,31,6000,16,15,2.728706078340339,xpEHH,ND,spr.ND,ND_spr, 31.0_ND_S_xpe_2.73_15/16,2.5
spr,1A,26.5,31,4500,12,12,2.868196943800307,xpEHH,ID,spr.ID,ID_spr, 31.0_ID_S_xpe_2.87_12/12,2.5
win,1A,26.5,39,12500,27,26,3.3258649071939215,Rsb,gpl,win.gpl,gpl_win, 39.0_gpl_W_rsb_3.33_26/27,2.5
spr,1A,27,31,4000,9,7,2.564012750370002,xpEHH,WA,spr.WA,WA_spr, 31.0_WA_S_xpe_2.56_7/9,2.5
both,1A,27,39,12000,24,23,3.525691738530691,Rsb,gpl,both.gpl,gpl_both, 39.0_gpl_B_rsb_3.53_23/24,2.5
both,1A,31,39,8000,15,15,3.245739695295522,xpEHH,gpl,both.gpl,gpl_both, 39.0_gpl_B_xpe_3.25_15/15,2.5
win,1A,31,39,8000,15,15,3.427461773452424,xpEHH,gpl,win.gpl,gpl_win, 39.0_gpl_W_xpe_3.43_15/15,2.5
both,1A,45,51.5,6500,25,24,2.905277260568236,xpEHH,gpl,both.gpl,gpl_both, 51.5_gpl_B_xpe_2.91_24/25,2.5
win,1A,45,51.5,6500,25,24,2.5367624752617006,xpEHH,gpl,win.gpl,gpl_win, 51.5_gpl_W_xpe_2.54_24/25,2.5
both,1A,45,51.5,6500,25,24,2.513327914836907,xpEHH,NE,both.NE,NE_both, 51.5_NE_B_xpe_2.51_24/25,2.5
both,1A,472.5,476,3500,7,7,2.8506212045069748,xpEHH,gpl,both.gpl,gpl_both,476.0_gpl_B_xpe_2.85_7/7,2.5
both,1A,472.5,476,3500,7,7,2.6378280310572895,xpEHH,NE,both.NE,NE_both,476.0_NE_B_xpe_2.64_7/7,2.5
both,1A,478.5,482.5,4000,15,13,3.0079037067560273,Rsb,gpl,both.gpl,gpl_both,482.5_gpl_B_rsb_3.01_13/15,2.5
both,1A,478.5,482.5,4000,15,13,2.81351911319343,Rsb,NE,both.NE,NE_both,482.5_NE_B_rsb_2.81_13/15,2.5
both,1A,485,489.5,4500,11,10,2.5980253880262594,Rsb,gpl,both.gpl,gpl_both,489.5_gpl_B_rsb_2.60_10/11,2.5
both,1A,497.5,500,2500,6,6,2.631460421007944,Rsb,eas2,both.eas2,eas2_both,500.0_eas2_B_rsb_2.63_6/6,2.5
win,1A,497.5,504,6500,17,16,2.7072891695694765,Rsb,gpl,win.gpl,gpl_win,504.0_gpl_W_rsb_2.71_16/17,2.5
both,1A,497.5,505,7500,25,22,2.7450813450259717,xpEHH,gpl,both.gpl,gpl_both,505.0_gpl_B_xpe_2.75_22/25,2.5
both,1A,497.5,505,7500,23,22,2.548293500766537,xpEHH,SC,both.SC,SC_both,505.0_SC_B_xpe_2.55_22/23,2.5
both,1A,497.5,506.5,9000,33,31,3.293832068590551,Rsb,gpl,both.gpl,gpl_both,506.5_gpl_B_rsb_3.29_31/33,2.5
both,1A,497.5,508.5,11000,42,42,3.54809789508915,xpEHH,eas2,both.eas2,eas2_both,508.5_eas2_B_xpe_3.55_42/42,2.5
both,1A,497.5,508.5,11000,40,40,2.576621322290629,xpEHH,IN,both.IN,IN_both,508.5_IN_B_xpe_2.58_40/40,2.5
spr,1A,497.5,508.5,11000,40,40,3.005777058096057,xpEHH,MN,spr.MN,MN_spr,508.5_MN_S_xpe_3.01_40/40,2.5
win,1A,497.5,508.5,11000,42,41,2.5774002336303616,xpEHH,NE,win.NE,NE_win,508.5_NE_W_xpe_2.58_41/42,2.5
spr,1A,497.5,510,12500,45,45,2.8052056032184898,Rsb,MN,spr.MN,MN_spr,510.0_MN_S_rsb_2.81_45/45,2.5
both,1A,497.5,510,12500,47,47,3.198778086438535,Rsb,NE,both.NE,NE_both,510.0_NE_B_rsb_3.20_47/47,2.5
win,1A,497.5,510,12500,47,47,3.4245168823094483,xpEHH,eas2,win.eas2,eas2_win,510.0_eas2_W_xpe_3.42_47/47,2.5
both,1A,497.5,510,12500,47,47,3.088067013260363,xpEHH,NE,both.NE,NE_both,510.0_NE_B_xpe_3.09_47/47,2.5
both,1A,498.5,505,6500,22,18,2.5337766453646284,xpEHH,CO,both.CO,CO_both,505.0_CO_B_xpe_2.53_18/22,2.5
both,1A,498.5,505,6500,22,20,2.67045110617853,xpEHH,MN,both.MN,MN_both,505.0_MN_B_xpe_2.67_20/22,2.5
win,1A,498.5,505,6500,20,18,2.5096669716994096,xpEHH,SC,win.SC,SC_win,505.0_SC_W_xpe_2.51_18/20,2.5
win,1A,498.5,509,10500,44,37,2.7815917901346476,Rsb,NE,win.NE,NE_win,509.0_NE_W_rsb_2.78_37/44,2.5
win,1A,498.5,510,11500,42,41,2.538532514954416,xpEHH,IN,win.IN,IN_win,510.0_IN_W_xpe_2.54_41/42,2.5
both,1A,499.5,506.5,7000,29,27,2.9038864493307104,Rsb,CO,both.CO,CO_both,506.5_CO_B_rsb_2.90_27/29,2.5
both,1A,501,506.5,5500,23,22,2.763354580355898,Rsb,MN,both.MN,MN_both,506.5_MN_B_rsb_2.76_22/23,2.5
spr,1A,501,507.5,6500,29,27,2.580695566143774,xpEHH,gpl,spr.gpl,gpl_spr,507.5_gpl_S_xpe_2.58_27/29,2.5
spr,1A,501,509,8000,32,31,2.8079130381625808,Rsb,gpl,spr.gpl,gpl_spr,509.0_gpl_S_rsb_2.81_31/32,2.5
both,1A,503,508.5,5500,31,27,3.0332995935927163,Rsb,eas2,both.eas2,eas2_both,508.5_eas2_B_rsb_3.03_27/31,2.5
win,1A,503,510,7000,36,32,2.954749702595375,Rsb,eas2,win.eas2,eas2_win,510.0_eas2_W_rsb_2.95_32/36,2.5
spr,1A,511.5,515,3500,10,8,2.746426402502507,Rsb,MN,spr.MN,MN_spr,515.0_MN_S_rsb_2.75_8/10,2.5
both,1A,511.5,516,4500,10,10,3.4994335224753095,Rsb,eas2,both.eas2,eas2_both,516.0_eas2_B_rsb_3.50_10/10,2.5
win,1A,511.5,516,4500,10,10,3.516995778677783,Rsb,eas2,win.eas2,eas2_win,516.0_eas2_W_rsb_3.52_10/10,2.5
both,1A,511.5,516,4500,10,9,2.5217852575314117,xpEHH,eas2,both.eas2,eas2_both,516.0_eas2_B_xpe_2.52_9/10,2.5
win,1A,511.5,516,4500,10,9,2.591525011074548,xpEHH,eas2,win.eas2,eas2_win,516.0_eas2_W_xpe_2.59_9/10,2.5
both,1A,511.5,516,4500,10,10,2.858924371066337,xpEHH,NE,both.NE,NE_both,516.0_NE_B_xpe_2.86_10/10,2.5
win,1A,530,532.5,2500,7,7,2.5028848358767948,xpEHH,IN,win.IN,IN_win,532.5_IN_W_xpe_2.50_7/7,2.5
both,1A,530.5,537.5,7000,21,19,2.83215034709907,Rsb,TX,both.TX,TX_both,537.5_TX_B_rsb_2.83_19/21,2.5
win,1A,531.5,535,3500,12,10,2.5599490420457647,xpEHH,ID,win.ID,ID_win,535.0_ID_W_xpe_2.56_10/12,2.5
both,1A,531.5,538.5,7000,22,20,2.847580228702229,xpEHH,TX,both.TX,TX_both,538.5_TX_B_xpe_2.85_20/22,2.5
win,1A,540.5,546,5500,25,23,2.507810508823869,Rsb,eas,win.eas,eas_win,546.0_eas_W_rsb_2.51_23/25,2.5
win,1A,540.5,553.5,13000,48,48,2.5147503069508703,xpEHH,eas,win.eas,eas_win,553.5_eas_W_xpe_2.51_48/48,2.5
both,1A,542,546,4000,19,17,2.5717924860048234,Rsb,eas,both.eas,eas_both,546.0_eas_B_rsb_2.57_17/19,2.5
both,1A,542,553.5,11500,42,42,2.594135836364706,xpEHH,eas,both.eas,eas_both,553.5_eas_B_xpe_2.59_42/42,2.5
spr,1B,538.5,551,12500,42,40,2.781476830629799,Rsb,pac,spr.pac,pac_spr,551.0_pac_S_rsb_2.78_40/42,2.5
spr,1B,544.5,551,6500,27,25,2.775518765837207,Rsb,ND,spr.ND,ND_spr,551.0_ND_S_rsb_2.78_25/27,2.5
both,1B,563.5,566.5,3000,11,9,2.75861992063163,Rsb,TX,both.TX,TX_both,566.5_TX_B_rsb_2.76_9/11,2.5
spr,1B,564.5,572,7500,32,29,2.8447572688724394,Rsb,pac,spr.pac,pac_spr,572.0_pac_S_rsb_2.84_29/32,2.5
spr,1B,622,643,21000,88,85,2.8926664812203495,xpEHH,ND,spr.ND,ND_spr,643.0_ND_S_xpe_2.89_85/88,2.5
both,1B,627,635.5,8500,34,33,2.649802441471216,xpEHH,ND,both.ND,ND_both,635.5_ND_B_xpe_2.65_33/34,2.5
win,1B,628,633,5000,25,22,3.009342268358551,Rsb,IN,win.IN,IN_win,633.0_IN_W_rsb_3.01_22/25,2.5
both,1B,628.5,634.5,6000,31,25,2.7981945330094677,Rsb,IN,both.IN,IN_both,634.5_IN_B_rsb_2.80_25/31,2.5
both,1B,631,634,3000,7,7,3.1418271274167977,Rsb,ND,both.ND,ND_both,634.0_ND_B_rsb_3.14_7/7,2.5
both,1B,656.5,663,6500,16,15,2.627366538859277,xpEHH,ND,both.ND,ND_both,663.0_ND_B_xpe_2.63_15/16,2.5
spr,1D,406,418.5,12500,38,37,0.336248089227016,Fst,nor,spr.nor,nor_spr,418.5_nor_S_fst_0.34_37/38,0.32305984309924646
both,2A,554.5,559,4500,10,10,2.733078075100948,Rsb,pnw,both.pnw,pnw_both,559.0_pnw_B_rsb_2.73_10/10,2.5
both,2A,554.5,559,4500,10,10,2.6827292303344605,Rsb,WA,both.WA,WA_both,559.0_WA_B_rsb_2.68_10/10,2.5
win,2A,554.5,559,4500,10,10,2.5247868839745937,xpEHH,OR,win.OR,OR_win,559.0_OR_W_xpe_2.52_10/10,2.5
both,2A,554.5,559,4500,10,10,2.7693462212748408,xpEHH,WA,both.WA,WA_both,559.0_WA_B_xpe_2.77_10/10,2.5
both,2A,562.5,565,2500,6,6,2.735985579602353,Rsb,pnw,both.pnw,pnw_both,565.0_pnw_B_rsb_2.74_6/6,2.5
both,2A,562.5,565,2500,6,6,2.6731953709377807,Rsb,WA,both.WA,WA_both,565.0_WA_B_rsb_2.67_6/6,2.5
win,2A,562.5,565,2500,6,6,2.5316162265466744,xpEHH,OR,win.OR,OR_win,565.0_OR_W_xpe_2.53_6/6,2.5
both,2A,562.5,565,2500,6,6,2.7315352017875028,xpEHH,WA,both.WA,WA_both,565.0_WA_B_xpe_2.73_6/6,2.5
spr,2A,674,678.5,4500,12,12,2.953586895524697,Rsb,CA,spr.CA,CA_spr,678.5_CA_S_rsb_2.95_12/12,2.5
win,2A,674,678.5,4500,12,12,2.624478140686558,Rsb,NY,win.NY,NY_win,678.5_NY_W_rsb_2.62_12/12,2.5
win,2A,674,678.5,4500,12,12,2.965996377876723,Rsb,OR,win.OR,OR_win,678.5_OR_W_rsb_2.97_12/12,2.5
spr,2A,674,678.5,4500,12,12,3.1234233833203797,Rsb,pac,spr.pac,pac_spr,678.5_pac_S_rsb_3.12_12/12,2.5
spr,2A,674,678.5,4500,12,12,2.846948824205839,xpEHH,CA,spr.CA,CA_spr,678.5_CA_S_xpe_2.85_12/12,2.5
spr,2A,674,678.5,4500,12,12,3.2001058794304167,xpEHH,pac,spr.pac,pac_spr,678.5_pac_S_xpe_3.20_12/12,2.5
both,2A,689,695.5,6500,20,17,3.0866108649324775,Rsb,CA,both.CA,CA_both,695.5_CA_B_rsb_3.09_17/20,2.5
spr,2A,689,695.5,6500,20,20,3.672568962600815,Rsb,CA,spr.CA,CA_spr,695.5_CA_S_rsb_3.67_20/20,2.5
both,2A,689,695.5,6500,20,20,3.500000744244629,Rsb,CO,both.CO,CO_both,695.5_CO_B_rsb_3.50_20/20,2.5
win,2A,689,695.5,6500,20,20,3.2996093599341827,Rsb,CO,win.CO,CO_win,695.5_CO_W_rsb_3.30_20/20,2.5
win,2A,689,695.5,6500,20,18,2.7440029744868535,Rsb,OR,win.OR,OR_win,695.5_OR_W_rsb_2.74_18/20,2.5
both,2A,689,695.5,6500,20,17,2.910940553372229,Rsb,pac,both.pac,pac_both,695.5_pac_B_rsb_2.91_17/20,2.5
spr,2A,689,695.5,6500,20,20,3.727516137286997,Rsb,pac,spr.pac,pac_spr,695.5_pac_S_rsb_3.73_20/20,2.5
both,2A,689,695.5,6500,20,19,2.864883772058981,xpEHH,CA,both.CA,CA_both,695.5_CA_B_xpe_2.86_19/20,2.5
spr,2A,689,695.5,6500,20,19,3.62755727391096,xpEHH,CA,spr.CA,CA_spr,695.5_CA_S_xpe_3.63_19/20,2.5
both,2A,689,695.5,6500,20,20,3.4415692589738085,xpEHH,CO,both.CO,CO_both,695.5_CO_B_xpe_3.44_20/20,2.5
win,2A,689,695.5,6500,20,20,3.3059098751972145,xpEHH,CO,win.CO,CO_win,695.5_CO_W_xpe_3.31_20/20,2.5
win,2A,689,695.5,6500,20,19,2.515570601282269,xpEHH,OR,win.OR,OR_win,695.5_OR_W_xpe_2.52_19/20,2.5
both,2A,689,695.5,6500,20,18,2.7484979535688785,xpEHH,pac,both.pac,pac_both,695.5_pac_B_xpe_2.75_18/20,2.5
spr,2A,689,695.5,6500,20,19,3.673912355624565,xpEHH,pac,spr.pac,pac_spr,695.5_pac_S_xpe_3.67_19/20,2.5
both,2A,691,694.5,3500,16,14,2.62099657828491,xpEHH,gpl,both.gpl,gpl_both,694.5_gpl_B_xpe_2.62_14/16,2.5
both,2A,691,695.5,4500,19,16,3.0318258157718914,Rsb,gpl,both.gpl,gpl_both,695.5_gpl_B_rsb_3.03_16/19,2.5
win,2A,691,695.5,4500,19,16,3.0173680334848347,Rsb,gpl,win.gpl,gpl_win,695.5_gpl_W_rsb_3.02_16/19,2.5
both,2A,691,695.5,4500,19,17,2.983190182849507,Rsb,NE,both.NE,NE_both,695.5_NE_B_rsb_2.98_17/19,2.5
win,2A,691,695.5,4500,19,15,2.657621625863132,xpEHH,gpl,win.gpl,gpl_win,695.5_gpl_W_xpe_2.66_15/19,2.5
both,2A,691,695.5,4500,19,16,2.641058650129236,xpEHH,NE,both.NE,NE_both,695.5_NE_B_xpe_2.64_16/19,2.5
both,2A,691.5,694,2500,8,7,2.695445406525267,Rsb,KS,both.KS,KS_both,694.0_KS_B_rsb_2.70_7/8,2.5
win,2A,691.5,695.5,4000,13,13,2.6484090835202045,Rsb,NE,win.NE,NE_win,695.5_NE_W_rsb_2.65_13/13,2.5
win,2A,691.5,695.5,4000,13,11,2.612649779731007,Rsb,nor,win.nor,nor_win,695.5_nor_W_rsb_2.61_11/13,2.5
win,2A,691.5,695.5,4000,11,10,2.6540748251001554,Rsb,NY,win.NY,NY_win,695.5_NY_W_rsb_2.65_10/11,2.5
win,2A,691.5,695.5,4000,13,12,2.6966750537306545,Rsb,win2,win.win2,win2_win,695.5_win2_W_rsb_2.70_12/13,2.5
win,2A,691.5,695.5,4000,13,12,2.5723946799681316,xpEHH,NE,win.NE,NE_win,695.5_NE_W_xpe_2.57_12/13,2.5
both,2A,703.5,707,3500,8,7,2.5708267339609896,Rsb,CA,both.CA,CA_both,707.0_CA_B_rsb_2.57_7/8,2.5
spr,2A,703.5,707,3500,8,7,2.748506653554134,Rsb,CA,spr.CA,CA_spr,707.0_CA_S_rsb_2.75_7/8,2.5
both,2A,703.5,707,3500,8,8,3.754175686923395,Rsb,CO,both.CO,CO_both,707.0_CO_B_rsb_3.75_8/8,2.5
win,2A,703.5,707,3500,8,8,3.853096842106257,Rsb,CO,win.CO,CO_win,707.0_CO_W_rsb_3.85_8/8,2.5
both,2A,703.5,707,3500,8,7,2.5603219545096363,Rsb,gpl,both.gpl,gpl_both,707.0_gpl_B_rsb_2.56_7/8,2.5
win,2A,703.5,707,3500,8,7,3.1869580156762902,Rsb,gpl,win.gpl,gpl_win,707.0_gpl_W_rsb_3.19_7/8,2.5
both,2A,703.5,707,3500,8,8,2.709474625959961,Rsb,NE,both.NE,NE_both,707.0_NE_B_rsb_2.71_8/8,2.5
win,2A,703.5,707,3500,8,7,2.6674513379042013,Rsb,NE,win.NE,NE_win,707.0_NE_W_rsb_2.67_7/8,2.5
win,2A,703.5,707,3500,8,7,3.3357923768267694,Rsb,OR,win.OR,OR_win,707.0_OR_W_rsb_3.34_7/8,2.5
spr,2A,703.5,707,3500,8,7,2.7297211983478755,Rsb,pac,spr.pac,pac_spr,707.0_pac_S_rsb_2.73_7/8,2.5
both,2A,703.5,707,3500,8,8,3.160325541830551,xpEHH,CO,both.CO,CO_both,707.0_CO_B_xpe_3.16_8/8,2.5
win,2A,703.5,707,3500,8,8,3.4063017681421215,xpEHH,CO,win.CO,CO_win,707.0_CO_W_xpe_3.41_8/8,2.5
win,2A,703.5,707,3500,8,8,2.667516412910597,xpEHH,gpl2,win.gpl2,gpl2_win,707.0_gpl2_W_xpe_2.67_8/8,2.5
win,2A,703.5,707,3500,8,7,2.5156143821046797,xpEHH,NE,win.NE,NE_win,707.0_NE_W_xpe_2.52_7/8,2.5
win,2A,703.5,707,3500,8,8,2.745922200664766,xpEHH,NY,win.NY,NY_win,707.0_NY_W_xpe_2.75_8/8,2.5
win,2A,703.5,707,3500,8,8,3.37076859892311,xpEHH,OR,win.OR,OR_win,707.0_OR_W_xpe_3.37_8/8,2.5
both,2A,707.5,717.5,10000,34,32,2.692447889690078,Rsb,CA,both.CA,CA_both,717.5_CA_B_rsb_2.69_32/34,2.5
spr,2A,707.5,717.5,10000,34,32,2.806470510193523,Rsb,pac,spr.pac,pac_spr,717.5_pac_S_rsb_2.81_32/34,2.5
win,2A,707.5,717.5,10000,34,34,3.554197800037116,Rsb,win2,win.win2,win2_win,717.5_win2_W_rsb_3.55_34/34,2.5
spr,2A,707.5,720,12500,41,38,2.962257522516851,Rsb,CA,spr.CA,CA_spr,720.0_CA_S_rsb_2.96_38/41,2.5
both,2A,707.5,720,12500,41,41,3.93571104009201,Rsb,CO,both.CO,CO_both,720.0_CO_B_rsb_3.94_41/41,2.5
win,2A,707.5,720,12500,41,41,3.9129330204260766,Rsb,CO,win.CO,CO_win,720.0_CO_W_rsb_3.91_41/41,2.5
both,2A,707.5,720,12500,41,37,2.7096681382494965,Rsb,gpl,both.gpl,gpl_both,720.0_gpl_B_rsb_2.71_37/41,2.5
win,2A,707.5,720,12500,41,41,3.1413358353279617,Rsb,gpl,win.gpl,gpl_win,720.0_gpl_W_rsb_3.14_41/41,2.5
win,2A,707.5,720,12500,41,40,2.834551415157662,Rsb,gpl2,win.gpl2,gpl2_win,720.0_gpl2_W_rsb_2.83_40/41,2.5
both,2A,707.5,720,12500,40,39,3.0732776406455145,Rsb,NE,both.NE,NE_both,720.0_NE_B_rsb_3.07_39/40,2.5
win,2A,707.5,720,12500,40,40,2.872792446652483,Rsb,NE,win.NE,NE_win,720.0_NE_W_rsb_2.87_40/40,2.5
both,2A,707.5,720,12500,41,41,3.638943518518544,xpEHH,CO,both.CO,CO_both,720.0_CO_B_xpe_3.64_41/41,2.5
win,2A,707.5,720,12500,41,41,3.687359759190008,xpEHH,CO,win.CO,CO_win,720.0_CO_W_xpe_3.69_41/41,2.5
both,2A,707.5,720,12500,41,40,2.5181392228194426,xpEHH,gpl2,both.gpl2,gpl2_both,720.0_gpl2_B_xpe_2.52_40/41,2.5
win,2A,707.5,720,12500,41,41,3.0764005254293294,xpEHH,gpl2,win.gpl2,gpl2_win,720.0_gpl2_W_xpe_3.08_41/41,2.5
both,2A,707.5,720,12500,40,40,2.7209411353567603,xpEHH,NE,both.NE,NE_both,720.0_NE_B_xpe_2.72_40/40,2.5
win,2A,707.5,720,12500,40,40,2.8107499770502677,xpEHH,NE,win.NE,NE_win,720.0_NE_W_xpe_2.81_40/40,2.5
win,2A,709.5,720,10500,39,36,2.6982994432493768,xpEHH,gpl,win.gpl,gpl_win,720.0_gpl_W_xpe_2.70_36/39,2.5
win,2A,710.5,716,5500,20,18,2.678189416824324,Rsb,ID,win.ID,ID_win,716.0_ID_W_rsb_2.68_18/20,2.5
both,2A,710.5,717.5,7000,22,22,2.518157110472226,Rsb,gpl2,both.gpl2,gpl2_both,717.5_gpl2_B_rsb_2.52_22/22,2.5
win,2A,710.5,720,9500,29,28,2.7101513098260113,xpEHH,win2,win.win2,win2_win,720.0_win2_W_xpe_2.71_28/29,2.5
win,2A,713,717.5,4500,12,11,2.722225273393976,Rsb,OR,win.OR,OR_win,717.5_OR_W_rsb_2.72_11/12,2.5
both,2A,713,717.5,4500,12,12,2.9524643152028833,xpEHH,gpl,both.gpl,gpl_both,717.5_gpl_B_xpe_2.95_12/12,2.5
spr,2A,713.5,717.5,4000,11,9,2.920471801241384,xpEHH,CA,spr.CA,CA_spr,717.5_CA_S_xpe_2.92_9/11,2.5
spr,2A,713.5,717.5,4000,11,9,2.568736247152855,xpEHH,pac,spr.pac,pac_spr,717.5_pac_S_xpe_2.57_9/11,2.5
both,2A,732.5,736.5,4000,8,7,2.571251567901826,Rsb,NE,both.NE,NE_both,736.5_NE_B_rsb_2.57_7/8,2.5
both,2B,67,71.5,4500,16,12,2.5162707309940893,Rsb,CO,both.CO,CO_both, 71.5_CO_B_rsb_2.52_12/16,2.5
win,2B,68.5,71.5,3000,11,9,2.5526496323279693,Rsb,gpl2,win.gpl2,gpl2_win, 71.5_gpl2_W_rsb_2.55_9/11,2.5
spr,2B,651.5,660,8500,20,18,2.5281919749983786,Rsb,gpl,spr.gpl,gpl_spr,660.0_gpl_S_rsb_2.53_18/20,2.5
spr,2B,681,689,8000,20,20,2.5770053641681,Rsb,gpl,spr.gpl,gpl_spr,689.0_gpl_S_rsb_2.58_20/20,2.5
spr,2B,681,689,8000,20,20,2.52741634645774,xpEHH,gpl,spr.gpl,gpl_spr,689.0_gpl_S_xpe_2.53_20/20,2.5
spr,2B,690,693.5,3500,8,7,2.5515123884920694,Rsb,nor2,spr.nor2,nor2_spr,693.5_nor2_S_rsb_2.55_7/8,2.5
spr,2B,690,698,8000,23,23,2.540684189156121,xpEHH,gpl,spr.gpl,gpl_spr,698.0_gpl_S_xpe_2.54_23/23,2.5
both,2B,690,701.5,11500,36,36,2.8558979128125843,xpEHH,nor2,both.nor2,nor2_both,701.5_nor2_B_xpe_2.86_36/36,2.5
spr,2B,690,701.5,11500,35,35,2.8096034841967255,xpEHH,nor2,spr.nor2,nor2_spr,701.5_nor2_S_xpe_2.81_35/35,2.5
spr,2B,712.5,717.5,5000,17,16,2.5285823994518095,Rsb,gpl,spr.gpl,gpl_spr,717.5_gpl_S_rsb_2.53_16/17,2.5
both,2B,712.5,717.5,5000,17,16,2.7391202881492283,Rsb,nor2,both.nor2,nor2_both,717.5_nor2_B_rsb_2.74_16/17,2.5
spr,2B,712.5,717.5,5000,17,15,2.506869438903118,Rsb,nor2,spr.nor2,nor2_spr,717.5_nor2_S_rsb_2.51_15/17,2.5
spr,2B,712.5,717.5,5000,17,16,2.6145436496204253,Rsb,spr2,spr.spr2,spr2_spr,717.5_spr2_S_rsb_2.61_16/17,2.5
spr,2B,712.5,717.5,5000,17,17,2.593068699676355,xpEHH,nor2,spr.nor2,nor2_spr,717.5_nor2_S_xpe_2.59_17/17,2.5
both,2B,728.5,733,4500,10,10,2.5667537115728605,xpEHH,nor2,both.nor2,nor2_both,733.0_nor2_B_xpe_2.57_10/10,2.5
both,2B,741.5,746,4500,9,9,2.896136269370743,xpEHH,nor2,both.nor2,nor2_both,746.0_nor2_B_xpe_2.90_9/9,2.5
win,2D,77,79.5,2500,10,8,2.510238583869556,Rsb,win2,win.win2,win2_win, 79.5_win2_W_rsb_2.51_8/10,2.5
both,3A,509,513.5,4500,10,10,2.684609442207803,Rsb,KS,both.KS,KS_both,513.5_KS_B_rsb_2.68_10/10,2.5
both,3A,509,516.5,7500,18,18,2.7199883963917935,xpEHH,KS,both.KS,KS_both,516.5_KS_B_xpe_2.72_18/18,2.5
both,3A,528,537.5,9500,27,27,2.745821161053234,xpEHH,KS,both.KS,KS_both,537.5_KS_B_xpe_2.75_27/27,2.5
both,3A,530.5,537.5,7000,21,20,2.512790638883414,Rsb,KS,both.KS,KS_both,537.5_KS_B_rsb_2.51_20/21,2.5
both,3A,555,563,8000,23,23,2.753791208536186,xpEHH,KS,both.KS,KS_both,563.0_KS_B_xpe_2.75_23/23,2.5
both,3B,38,42.5,4500,10,9,2.586443212118481,Rsb,KS,both.KS,KS_both, 42.5_KS_B_rsb_2.59_9/10,2.5
win,3B,38,42.5,4500,10,9,2.748192473496797,Rsb,KS,win.KS,KS_win, 42.5_KS_W_rsb_2.75_9/10,2.5
spr,3B,38.5,42.5,4000,7,6,2.8624691412727787,Rsb,ND,spr.ND,ND_spr, 42.5_ND_S_rsb_2.86_6/7,2.5
spr,3B,38.5,42.5,4000,7,6,2.5734878920246445,xpEHH,ND,spr.ND,ND_spr, 42.5_ND_S_xpe_2.57_6/7,2.5
both,3B,39.5,42,2500,6,6,2.614399366830605,Rsb,SC,both.SC,SC_both, 42.0_SC_B_rsb_2.61_6/6,2.5
win,3B,39.5,42,2500,6,6,2.593985886746428,Rsb,SC,win.SC,SC_win, 42.0_SC_W_rsb_2.59_6/6,2.5
both,3B,40,42.5,2500,6,5,2.863299176394648,Rsb,ND,both.ND,ND_both, 42.5_ND_B_rsb_2.86_5/6,2.5
both,3B,40,42.5,2500,6,5,2.570101228363759,Rsb,nor,both.nor,nor_both, 42.5_nor_B_rsb_2.57_5/6,2.5
both,3B,40,44.5,4500,11,11,2.8595969575747273,Rsb,MN,both.MN,MN_both, 44.5_MN_B_rsb_2.86_11/11,2.5
spr,3B,40,44.5,4500,11,10,2.950587100547941,Rsb,MN,spr.MN,MN_spr, 44.5_MN_S_rsb_2.95_10/11,2.5
spr,3B,40,44.5,4500,11,11,2.7865065205527104,xpEHH,MN,spr.MN,MN_spr, 44.5_MN_S_xpe_2.79_11/11,2.5
both,3B,53.5,56,2500,7,7,2.761242226904023,Rsb,MN,both.MN,MN_both, 56.0_MN_B_rsb_2.76_7/7,2.5
both,3B,53.5,56,2500,7,7,2.674439718507242,Rsb,nor,both.nor,nor_both, 56.0_nor_B_rsb_2.67_7/7,2.5
both,3B,53.5,56,2500,7,7,2.856853656160749,xpEHH,MN,both.MN,MN_both, 56.0_MN_B_xpe_2.86_7/7,2.5
both,3B,53.5,56,2500,7,7,2.794329021006014,xpEHH,nor,both.nor,nor_both, 56.0_nor_B_xpe_2.79_7/7,2.5
win,3B,58,60.5,2500,8,7,3.2237930852669603,Rsb,nor,win.nor,nor_win, 60.5_nor_W_rsb_3.22_7/8,2.5
spr,3B,66.5,69,2500,6,5,0.4416892186165407,Fst,nor2,spr.nor2,nor2_spr, 69.0_nor2_S_fst_0.44_5/6,0.39354144613427
both,3B,413.5,416.5,3000,9,9,2.7665775498343534,xpEHH,WA,both.WA,WA_both,416.5_WA_B_xpe_2.77_9/9,2.5
both,3B,413.5,418,4500,11,11,2.837450482935529,xpEHH,pnw,both.pnw,pnw_both,418.0_pnw_B_xpe_2.84_11/11,2.5
both,3B,415,418,3000,6,6,2.85542080197348,Rsb,pnw,both.pnw,pnw_both,418.0_pnw_B_rsb_2.86_6/6,2.5
both,3B,455.5,458,2500,6,6,2.740755399926708,xpEHH,ID,both.ID,ID_both,458.0_ID_B_xpe_2.74_6/6,2.5
both,3B,455.5,458,2500,6,6,3.1865128619113605,xpEHH,pnw,both.pnw,pnw_both,458.0_pnw_B_xpe_3.19_6/6,2.5
both,3B,455.5,458,2500,6,6,2.8763023063455773,xpEHH,WA,both.WA,WA_both,458.0_WA_B_xpe_2.88_6/6,2.5
both,3B,465,468.5,3500,6,6,2.765355697723657,Rsb,ID,both.ID,ID_both,468.5_ID_B_rsb_2.77_6/6,2.5
both,3B,465,468.5,3500,6,6,3.787709260094996,Rsb,pnw,both.pnw,pnw_both,468.5_pnw_B_rsb_3.79_6/6,2.5
win,3B,465,468.5,3500,6,6,2.7265655430732547,Rsb,pnw,win.pnw,pnw_win,468.5_pnw_W_rsb_2.73_6/6,2.5
both,3B,465,468.5,3500,6,6,3.180694039535104,Rsb,WA,both.WA,WA_both,468.5_WA_B_rsb_3.18_6/6,2.5
win,3B,465,468.5,3500,6,6,2.5010102768115723,Rsb,WA,win.WA,WA_win,468.5_WA_W_rsb_2.50_6/6,2.5
both,3B,465,468.5,3500,6,6,2.8879622014469284,xpEHH,ID,both.ID,ID_both,468.5_ID_B_xpe_2.89_6/6,2.5
both,3B,465,468.5,3500,6,6,3.343371765715065,xpEHH,pnw,both.pnw,pnw_both,468.5_pnw_B_xpe_3.34_6/6,2.5
win,3B,465,468.5,3500,6,6,2.6193110551446273,xpEHH,pnw,win.pnw,pnw_win,468.5_pnw_W_xpe_2.62_6/6,2.5
both,3B,465,468.5,3500,6,6,2.9721193267043877,xpEHH,WA,both.WA,WA_both,468.5_WA_B_xpe_2.97_6/6,2.5
win,3B,465,468.5,3500,6,6,2.5132415328548863,xpEHH,WA,win.WA,WA_win,468.5_WA_W_xpe_2.51_6/6,2.5
both,3B,478,483,5000,17,17,2.66344528544007,Rsb,pnw,both.pnw,pnw_both,483.0_pnw_B_rsb_2.66_17/17,2.5
both,3B,478,483,5000,17,17,2.765349175534119,xpEHH,ID,both.ID,ID_both,483.0_ID_B_xpe_2.77_17/17,2.5
win,3B,478,483,5000,17,16,2.607409954724725,xpEHH,OR,win.OR,OR_win,483.0_OR_W_xpe_2.61_16/17,2.5
both,3B,478,483,5000,17,17,3.628991969844987,xpEHH,pnw,both.pnw,pnw_both,483.0_pnw_B_xpe_3.63_17/17,2.5
win,3B,478,483,5000,17,17,2.686157917008416,xpEHH,pnw,win.pnw,pnw_win,483.0_pnw_W_xpe_2.69_17/17,2.5
both,3B,478,483,5000,17,17,3.2357134453223337,xpEHH,WA,both.WA,WA_both,483.0_WA_B_xpe_3.24_17/17,2.5
win,3B,479.5,482,2500,6,6,2.551488176323975,xpEHH,WA,win.WA,WA_win,482.0_WA_W_xpe_2.55_6/6,2.5
both,3B,497,500.5,3500,6,6,2.714623464471811,Rsb,ID,both.ID,ID_both,500.5_ID_B_rsb_2.71_6/6,2.5
both,3B,497,500.5,3500,6,6,3.141319341608281,Rsb,pnw,both.pnw,pnw_both,500.5_pnw_B_rsb_3.14_6/6,2.5
win,3B,497,500.5,3500,6,6,2.573415041416298,Rsb,pnw,win.pnw,pnw_win,500.5_pnw_W_rsb_2.57_6/6,2.5
both,3B,497,500.5,3500,6,6,2.82428882156499,Rsb,WA,both.WA,WA_both,500.5_WA_B_rsb_2.82_6/6,2.5
both,3B,497,500.5,3500,6,6,3.116053345263359,xpEHH,ID,both.ID,ID_both,500.5_ID_B_xpe_3.12_6/6,2.5
win,3B,497,500.5,3500,6,6,2.598226692625463,xpEHH,OR,win.OR,OR_win,500.5_OR_W_xpe_2.60_6/6,2.5
both,3B,497,500.5,3500,6,6,3.7073241821537257,xpEHH,pnw,both.pnw,pnw_both,500.5_pnw_B_xpe_3.71_6/6,2.5
win,3B,497,500.5,3500,6,6,2.977743442242849,xpEHH,pnw,win.pnw,pnw_win,500.5_pnw_W_xpe_2.98_6/6,2.5
both,3B,497,500.5,3500,6,6,3.428152742863731,xpEHH,WA,both.WA,WA_both,500.5_WA_B_xpe_3.43_6/6,2.5
win,3B,497,500.5,3500,6,6,2.9461186871491125,xpEHH,WA,win.WA,WA_win,500.5_WA_W_xpe_2.95_6/6,2.5
both,3B,509,516,7000,13,13,2.532952331569413,Rsb,ID,both.ID,ID_both,516.0_ID_B_rsb_2.53_13/13,2.5
win,3B,509,516,7000,13,13,2.5501916811322616,Rsb,OR,win.OR,OR_win,516.0_OR_W_rsb_2.55_13/13,2.5
both,3B,509,516,7000,13,13,3.473553472602164,Rsb,pnw,both.pnw,pnw_both,516.0_pnw_B_rsb_3.47_13/13,2.5
win,3B,509,516,7000,13,13,3.102331989700836,Rsb,pnw,win.pnw,pnw_win,516.0_pnw_W_rsb_3.10_13/13,2.5
both,3B,509,516,7000,13,13,3.3020702795858012,Rsb,WA,both.WA,WA_both,516.0_WA_B_rsb_3.30_13/13,2.5
win,3B,509,516,7000,13,13,2.7140906893552534,Rsb,WA,win.WA,WA_win,516.0_WA_W_rsb_2.71_13/13,2.5
both,3B,509,516,7000,13,13,2.8879182501223855,xpEHH,pnw,both.pnw,pnw_both,516.0_pnw_B_xpe_2.89_13/13,2.5
both,3B,509,516,7000,13,13,2.8088084578070993,xpEHH,WA,both.WA,WA_both,516.0_WA_B_xpe_2.81_13/13,2.5
win,3B,509,516,7000,13,13,2.5045322832343007,xpEHH,WA,win.WA,WA_win,516.0_WA_W_xpe_2.50_13/13,2.5
both,3B,521.5,525.5,4000,8,8,3.1837859753464683,Rsb,pnw,both.pnw,pnw_both,525.5_pnw_B_rsb_3.18_8/8,2.5
win,3B,521.5,525.5,4000,8,8,2.7386644977739323,Rsb,pnw,win.pnw,pnw_win,525.5_pnw_W_rsb_2.74_8/8,2.5
both,3B,521.5,525.5,4000,8,8,2.9714090733880685,Rsb,WA,both.WA,WA_both,525.5_WA_B_rsb_2.97_8/8,2.5
both,3B,521.5,525.5,4000,8,8,2.5714792896833307,xpEHH,pnw,both.pnw,pnw_both,525.5_pnw_B_xpe_2.57_8/8,2.5
both,3B,521.5,525.5,4000,8,8,2.645086258981599,xpEHH,WA,both.WA,WA_both,525.5_WA_B_xpe_2.65_8/8,2.5
both,3B,541.5,546,4500,10,10,2.9851170637530875,Rsb,ID,both.ID,ID_both,546.0_ID_B_rsb_2.99_10/10,2.5
win,3B,541.5,546,4500,10,10,2.636798037274733,Rsb,ID,win.ID,ID_win,546.0_ID_W_rsb_2.64_10/10,2.5
both,3B,541.5,546,4500,10,10,3.6714159278514846,Rsb,pnw,both.pnw,pnw_both,546.0_pnw_B_rsb_3.67_10/10,2.5
win,3B,541.5,546,4500,10,10,2.9743577518249196,Rsb,pnw,win.pnw,pnw_win,546.0_pnw_W_rsb_2.97_10/10,2.5
both,3B,541.5,546,4500,10,10,3.154582328225228,Rsb,WA,both.WA,WA_both,546.0_WA_B_rsb_3.15_10/10,2.5
both,3B,541.5,546,4500,10,10,2.8227166055327224,xpEHH,ID,both.ID,ID_both,546.0_ID_B_xpe_2.82_10/10,2.5
win,3B,541.5,546,4500,10,10,2.8159613212740644,xpEHH,OR,win.OR,OR_win,546.0_OR_W_xpe_2.82_10/10,2.5
both,3B,541.5,546,4500,10,10,3.4985321543922265,xpEHH,pnw,both.pnw,pnw_both,546.0_pnw_B_xpe_3.50_10/10,2.5
win,3B,541.5,546,4500,10,10,2.998043696503879,xpEHH,pnw,win.pnw,pnw_win,546.0_pnw_W_xpe_3.00_10/10,2.5
both,3B,541.5,546,4500,10,10,3.2960410208243784,xpEHH,WA,both.WA,WA_both,546.0_WA_B_xpe_3.30_10/10,2.5
win,3B,541.5,546,4500,10,10,2.858052300033772,xpEHH,WA,win.WA,WA_win,546.0_WA_W_xpe_2.86_10/10,2.5
both,3B,559.5,562.5,3000,8,7,3.049135271860039,Rsb,ID,both.ID,ID_both,562.5_ID_B_rsb_3.05_7/8,2.5
both,3B,559.5,562.5,3000,8,8,4.22650856896583,Rsb,pnw,both.pnw,pnw_both,562.5_pnw_B_rsb_4.23_8/8,2.5
win,3B,559.5,562.5,3000,8,8,3.0844390435646445,Rsb,pnw,win.pnw,pnw_win,562.5_pnw_W_rsb_3.08_8/8,2.5
both,3B,559.5,562.5,3000,8,8,3.681519355733299,Rsb,WA,both.WA,WA_both,562.5_WA_B_rsb_3.68_8/8,2.5
win,3B,559.5,562.5,3000,8,8,2.7098581526662757,Rsb,WA,win.WA,WA_win,562.5_WA_W_rsb_2.71_8/8,2.5
both,3B,559.5,562.5,3000,8,8,3.561021613399279,xpEHH,ID,both.ID,ID_both,562.5_ID_B_xpe_3.56_8/8,2.5
win,3B,559.5,562.5,3000,7,7,2.5664642233899535,xpEHH,ID,win.ID,ID_win,562.5_ID_W_xpe_2.57_7/7,2.5
both,3B,559.5,562.5,3000,8,8,5.040457482217594,xpEHH,pnw,both.pnw,pnw_both,562.5_pnw_B_xpe_5.04_8/8,2.5
win,3B,559.5,562.5,3000,8,8,4.1662859585514544,xpEHH,pnw,win.pnw,pnw_win,562.5_pnw_W_xpe_4.17_8/8,2.5
both,3B,559.5,562.5,3000,8,8,4.526160304361632,xpEHH,WA,both.WA,WA_both,562.5_WA_B_xpe_4.53_8/8,2.5
win,3B,559.5,562.5,3000,8,8,3.514404941983946,xpEHH,WA,win.WA,WA_win,562.5_WA_W_xpe_3.51_8/8,2.5
win,3B,577.5,584,6500,20,20,2.718659685842899,xpEHH,pnw,win.pnw,pnw_win,584.0_pnw_W_xpe_2.72_20/20,2.5
both,3B,577.5,588.5,11000,33,32,2.993029068072252,Rsb,pnw,both.pnw,pnw_both,588.5_pnw_B_rsb_2.99_32/33,2.5
both,3B,577.5,588.5,11000,33,33,3.0561045540264646,xpEHH,pnw,both.pnw,pnw_both,588.5_pnw_B_xpe_3.06_33/33,2.5
spr,3B,578,581,3000,6,5,2.691062155422949,Rsb,WA,spr.WA,WA_spr,581.0_WA_S_rsb_2.69_5/6,2.5
both,3B,578,584,6000,19,19,2.9013309347216074,Rsb,WA,both.WA,WA_both,584.0_WA_B_rsb_2.90_19/19,2.5
both,3B,578,584,6000,19,19,3.2693933941367437,xpEHH,WA,both.WA,WA_both,584.0_WA_B_xpe_3.27_19/19,2.5
win,3B,579.5,584,4500,13,13,2.627228966046992,xpEHH,WA,win.WA,WA_win,584.0_WA_W_xpe_2.63_13/13,2.5
both,3B,585,588.5,3500,8,8,3.043457231076766,Rsb,WA,both.WA,WA_both,588.5_WA_B_rsb_3.04_8/8,2.5
win,3B,585,588.5,3500,8,8,2.5580748482595106,xpEHH,pnw,win.pnw,pnw_win,588.5_pnw_W_xpe_2.56_8/8,2.5
both,3B,585,588.5,3500,8,8,3.0741328989496233,xpEHH,WA,both.WA,WA_both,588.5_WA_B_xpe_3.07_8/8,2.5
both,3B,735.5,739.5,4000,16,13,2.5543551052095363,xpEHH,nor,both.nor,nor_both,739.5_nor_B_xpe_2.55_13/16,2.5
both,3B,735.5,741,5500,16,14,2.53161875591404,xpEHH,MT,both.MT,MT_both,741.0_MT_B_xpe_2.53_14/16,2.5
win,3B,737,739.5,2500,11,9,2.533368596079032,Rsb,OR,win.OR,OR_win,739.5_OR_W_rsb_2.53_9/11,2.5
both,4B,12.5,16.5,4000,15,14,2.902091682469025,xpEHH,KS,both.KS,KS_both, 16.5_KS_B_xpe_2.90_14/15,2.5
win,4B,12.5,19.5,7000,21,20,2.6587713162741653,xpEHH,gpl2,win.gpl2,gpl2_win, 19.5_gpl2_W_xpe_2.66_20/21,2.5
win,4B,12.5,19.5,7000,21,21,2.509290435331551,xpEHH,WA,win.WA,WA_win, 19.5_WA_W_xpe_2.51_21/21,2.5
both,4B,15.5,18,2500,6,5,2.7798427022004875,Rsb,WA,both.WA,WA_both, 18.0_WA_B_rsb_2.78_5/6,2.5
both,4B,525,529.5,4500,7,7,2.779837293178999,xpEHH,gpl2,both.gpl2,gpl2_both,529.5_gpl2_B_xpe_2.78_7/7,2.5
win,4B,525,529.5,4500,7,7,3.0466912066164364,xpEHH,gpl2,win.gpl2,gpl2_win,529.5_gpl2_W_xpe_3.05_7/7,2.5
both,4B,534.5,539,4500,12,12,0.33122883966216043,Fst,MT,both.MT,MT_both,539.0_MT_B_fst_0.33_12/12,0.310121340308051
both,4B,542.5,545,2500,6,6,0.31491037132701805,Fst,MT,both.MT,MT_both,545.0_MT_B_fst_0.31_6/6,0.310121340308051
win,4B,547,550.5,3500,8,7,0.577744253465924,Fst,NY,win.NY,NY_win,550.5_NY_W_fst_0.58_7/8,0.5287920482422671
both,4B,643,647.5,4500,6,5,0.7873521688447547,Fst,SC,both.SC,SC_both,647.5_SC_B_fst_0.79_5/6,0.6123327996462434
win,4B,643,647.5,4500,6,5,0.7609548357369511,Fst,SC,win.SC,SC_win,647.5_SC_W_fst_0.76_5/6,0.7008810754380336
win,5A,448.5,453,4500,9,9,2.8296853463463525,Rsb,pnw2,win.pnw2,pnw2_win,453.0_pnw2_W_rsb_2.83_9/9,2.5
spr,5A,448.5,453,4500,9,9,2.7166531720819576,xpEHH,ND,spr.ND,ND_spr,453.0_ND_S_xpe_2.72_9/9,2.5
win,5A,448.5,453,4500,9,9,3.284037204626389,xpEHH,pnw2,win.pnw2,pnw2_win,453.0_pnw2_W_xpe_3.28_9/9,2.5
both,5A,455,458.5,3500,9,8,2.5910866996763935,Rsb,ND,both.ND,ND_both,458.5_ND_B_rsb_2.59_8/9,2.5
spr,5A,455,458.5,3500,9,8,2.796811267632203,xpEHH,ND,spr.ND,ND_spr,458.5_ND_S_xpe_2.80_8/9,2.5
win,5A,455,459.5,4500,9,8,2.872371793556467,Rsb,ID,win.ID,ID_win,459.5_ID_W_rsb_2.87_8/9,2.5
win,5A,455,479,24000,121,121,3.184779046496548,xpEHH,pnw2,win.pnw2,pnw2_win,479.0_pnw2_W_xpe_3.18_121/121,2.5
win,5A,470.5,482.5,12000,46,44,2.664736198487635,Rsb,ID,win.ID,ID_win,482.5_ID_W_rsb_2.66_44/46,2.5
win,5A,480,482.5,2500,7,7,2.9454088596330683,Rsb,pnw2,win.pnw2,pnw2_win,482.5_pnw2_W_rsb_2.95_7/7,2.5
win,5A,480,482.5,2500,7,6,3.0026920391641525,Rsb,win2,win.win2,win2_win,482.5_win2_W_rsb_3.00_6/7,2.5
win,5A,480,482.5,2500,7,7,3.812894293958612,xpEHH,pnw2,win.pnw2,pnw2_win,482.5_pnw2_W_xpe_3.81_7/7,2.5
win,5A,480,482.5,2500,7,6,3.3977873605742133,xpEHH,win2,win.win2,win2_win,482.5_win2_W_xpe_3.40_6/7,2.5
win,5A,486,488.5,2500,7,6,2.5301469683622577,Rsb,win2,win.win2,win2_win,488.5_win2_W_rsb_2.53_6/7,2.5
spr,5A,486,490.5,4500,11,11,3.117274155773317,Rsb,ND,spr.ND,ND_spr,490.5_ND_S_rsb_3.12_11/11,2.5
win,5A,486,490.5,4500,11,11,3.0414994069621204,Rsb,pnw2,win.pnw2,pnw2_win,490.5_pnw2_W_rsb_3.04_11/11,2.5
spr,5A,486,490.5,4500,11,11,2.5018035906470737,xpEHH,ND,spr.ND,ND_spr,490.5_ND_S_xpe_2.50_11/11,2.5
win,5A,486,490.5,4500,11,11,3.77602695980652,xpEHH,pnw2,win.pnw2,pnw2_win,490.5_pnw2_W_xpe_3.78_11/11,2.5
win,5A,486,490.5,4500,11,11,3.450426011137323,xpEHH,win2,win.win2,win2_win,490.5_win2_W_xpe_3.45_11/11,2.5
win,5A,486.5,490.5,4000,8,8,2.672454455022626,xpEHH,ID,win.ID,ID_win,490.5_ID_W_xpe_2.67_8/8,2.5
win,5A,501,504.5,3500,11,10,3.110968171527015,Rsb,win2,win.win2,win2_win,504.5_win2_W_rsb_3.11_10/11,2.5
win,5A,501,507,6000,20,20,2.8796154573063046,xpEHH,win2,win.win2,win2_win,507.0_win2_W_xpe_2.88_20/20,2.5
win,5A,502.5,507,4500,13,13,2.9377794939591513,Rsb,pnw2,win.pnw2,pnw2_win,507.0_pnw2_W_rsb_2.94_13/13,2.5
win,5A,502.5,507,4500,13,13,3.1432281017044916,xpEHH,pnw2,win.pnw2,pnw2_win,507.0_pnw2_W_xpe_3.14_13/13,2.5
both,5A,566,571.5,5500,20,17,2.6517327061439224,Rsb,MT,both.MT,MT_both,571.5_MT_B_rsb_2.65_17/20,2.5
both,5A,568,570.5,2500,12,11,2.5507238727301056,Rsb,NE,both.NE,NE_both,570.5_NE_B_rsb_2.55_11/12,2.5
both,5A,568,570.5,2500,12,12,2.5331871131942885,xpEHH,MT,both.MT,MT_both,570.5_MT_B_xpe_2.53_12/12,2.5
spr,5A,568,576.5,8500,32,29,3.0166033007441806,Rsb,nor,spr.nor,nor_spr,576.5_nor_S_rsb_3.02_29/32,2.5
spr,5A,568,576.5,8500,32,32,3.3786706807189937,xpEHH,nor,spr.nor,nor_spr,576.5_nor_S_xpe_3.38_32/32,2.5
spr,5A,570,573,3000,13,10,2.529528348371822,Rsb,MN,spr.MN,MN_spr,573.0_MN_S_rsb_2.53_10/13,2.5
both,5A,570,573.5,3500,14,13,2.9155549797896976,xpEHH,nor,both.nor,nor_both,573.5_nor_B_xpe_2.92_13/14,2.5
both,5A,582.5,585,2500,6,5,2.5005774347347156,xpEHH,nor,both.nor,nor_both,585.0_nor_B_xpe_2.50_5/6,2.5
both,5A,585,588.5,3500,14,12,0.6518987349603382,Fst,ND,both.ND,ND_both,588.5_ND_B_fst_0.65_12/14,0.5102449043471952
spr,5A,590,597,7000,19,18,2.5591782721983294,xpEHH,nor,spr.nor,nor_spr,597.0_nor_S_xpe_2.56_18/19,2.5
both,5A,593.5,597,3500,8,8,2.720427996543239,xpEHH,nor,both.nor,nor_both,597.0_nor_B_xpe_2.72_8/8,2.5
both,5A,607,610,3000,7,7,2.770211579813231,Rsb,nor,both.nor,nor_both,610.0_nor_B_rsb_2.77_7/7,2.5
both,5A,607,610,3000,7,6,2.5757200439895205,xpEHH,nor,both.nor,nor_both,610.0_nor_B_xpe_2.58_6/7,2.5
spr,5B,17.5,24,6500,19,19,2.7297178812704788,Rsb,ID,spr.ID,ID_spr, 24.0_ID_S_rsb_2.73_19/19,2.5
spr,5B,17.5,24,6500,18,17,2.700316006932299,Rsb,MN,spr.MN,MN_spr, 24.0_MN_S_rsb_2.70_17/18,2.5
spr,5B,24.5,27,2500,7,6,2.9695086132211443,Rsb,ID,spr.ID,ID_spr, 27.0_ID_S_rsb_2.97_6/7,2.5
spr,5B,24.5,28.5,4000,8,8,3.08514141190165,xpEHH,nor,spr.nor,nor_spr, 28.5_nor_S_xpe_3.09_8/8,2.5
spr,5B,25,28.5,3500,7,6,2.924389843123743,Rsb,nor,spr.nor,nor_spr, 28.5_nor_S_rsb_2.92_6/7,2.5
both,5B,458.5,463,4500,19,16,2.8587652449016057,Rsb,eas,both.eas,eas_both,463.0_eas_B_rsb_2.86_16/19,2.5
both,5B,463.5,468.5,5000,13,11,2.7100379156510996,xpEHH,eas,both.eas,eas_both,468.5_eas_B_xpe_2.71_11/13,2.5
both,5B,464,472,8000,19,16,2.631807472887851,Rsb,eas,both.eas,eas_both,472.0_eas_B_rsb_2.63_16/19,2.5
both,5B,471.5,482,10500,35,35,3.371412369685378,xpEHH,eas,both.eas,eas_both,482.0_eas_B_xpe_3.37_35/35,2.5
both,5B,473,482,9000,34,33,3.506227742647551,Rsb,eas,both.eas,eas_both,482.0_eas_B_rsb_3.51_33/34,2.5
both,5B,485.5,488,2500,6,5,2.8209403088604077,Rsb,eas,both.eas,eas_both,488.0_eas_B_rsb_2.82_5/6,2.5
win,5B,485.5,490.5,5000,15,15,2.5987972924680283,xpEHH,gpl2,win.gpl2,gpl2_win,490.5_gpl2_W_xpe_2.60_15/15,2.5
win,5B,534,541.5,7500,14,14,2.7826599666384535,xpEHH,win2,win.win2,win2_win,541.5_win2_W_xpe_2.78_14/14,2.5
win,5B,537,541.5,4500,7,7,2.780348756455335,xpEHH,gpl2,win.gpl2,gpl2_win,541.5_gpl2_W_xpe_2.78_7/7,2.5
win,5B,543.5,559,15500,51,51,2.8207803712634285,Rsb,CO,win.CO,CO_win,559.0_CO_W_rsb_2.82_51/51,2.5
win,5B,543.5,559,15500,51,51,2.8777991265568734,xpEHH,CO,win.CO,CO_win,559.0_CO_W_xpe_2.88_51/51,2.5
win,5B,543.5,559.5,16000,54,53,2.933688183673437,Rsb,gpl,win.gpl,gpl_win,559.5_gpl_W_rsb_2.93_53/54,2.5
both,5B,543.5,560,16500,55,53,2.896867906263794,Rsb,gpl,both.gpl,gpl_both,560.0_gpl_B_rsb_2.90_53/55,2.5
win,5B,543.5,560,16500,55,52,2.9510394153196926,Rsb,win2,win.win2,win2_win,560.0_win2_W_rsb_2.95_52/55,2.5
both,5B,543.5,560.5,17000,56,56,3.070893280406791,Rsb,CO,both.CO,CO_both,560.5_CO_B_rsb_3.07_56/56,2.5
both,5B,543.5,560.5,17000,56,55,3.118539711956008,xpEHH,CO,both.CO,CO_both,560.5_CO_B_xpe_3.12_55/56,2.5
both,5B,546,550.5,4500,14,14,2.600829853244294,xpEHH,TX,both.TX,TX_both,550.5_TX_B_xpe_2.60_14/14,2.5
both,5B,546,552,6000,26,22,2.5524879297570497,Rsb,NE,both.NE,NE_both,552.0_NE_B_rsb_2.55_22/26,2.5
win,5B,546,552,6000,23,19,2.7888170078534844,Rsb,NE,win.NE,NE_win,552.0_NE_W_rsb_2.79_19/23,2.5
win,5B,546,553,7000,26,26,3.0434302079820093,xpEHH,win2,win.win2,win2_win,553.0_win2_W_xpe_3.04_26/26,2.5
both,5B,546,558,12000,40,40,3.0749650980802357,xpEHH,gpl,both.gpl,gpl_both,558.0_gpl_B_xpe_3.07_40/40,2.5
win,5B,546,558,12000,40,40,3.116053116096156,xpEHH,gpl,win.gpl,gpl_win,558.0_gpl_W_xpe_3.12_40/40,2.5
spr,5B,546,560.5,14500,46,46,2.6171135685560123,xpEHH,CA,spr.CA,CA_spr,560.5_CA_S_xpe_2.62_46/46,2.5
win,5B,547.5,551,3500,17,15,2.602289493596833,xpEHH,KS,win.KS,KS_win,551.0_KS_W_xpe_2.60_15/17,2.5
both,5B,547.5,553,5500,21,21,2.5892604976087976,xpEHH,NE,both.NE,NE_both,553.0_NE_B_xpe_2.59_21/21,2.5
win,5B,548,553,5000,18,18,2.8067966693491107,xpEHH,NE,win.NE,NE_win,553.0_NE_W_xpe_2.81_18/18,2.5
both,5B,548.5,551,2500,12,10,2.642633213975652,xpEHH,KS,both.KS,KS_both,551.0_KS_B_xpe_2.64_10/12,2.5
spr,5B,548.5,552,3500,16,13,2.7633160790334093,Rsb,ID,spr.ID,ID_spr,552.0_ID_S_rsb_2.76_13/16,2.5
spr,5B,548.5,560.5,12000,37,37,2.5274134522758827,xpEHH,ID,spr.ID,ID_spr,560.5_ID_S_xpe_2.53_37/37,2.5
spr,5B,553,559.5,6500,19,17,2.5278326755027316,Rsb,CA,spr.CA,CA_spr,559.5_CA_S_rsb_2.53_17/19,2.5
spr,5B,555,560.5,5500,17,16,2.560654046883196,Rsb,ID,spr.ID,ID_spr,560.5_ID_S_rsb_2.56_16/17,2.5
spr,5B,564.5,574.5,10000,30,29,2.5596368376168583,Rsb,ID,spr.ID,ID_spr,574.5_ID_S_rsb_2.56_29/30,2.5
spr,5B,564.5,574.5,10000,32,31,2.7915161487993907,xpEHH,CA,spr.CA,CA_spr,574.5_CA_S_xpe_2.79_31/32,2.5
both,5B,569,574.5,5500,18,16,2.8800454455898095,Rsb,CO,both.CO,CO_both,574.5_CO_B_rsb_2.88_16/18,2.5
both,5B,569,574.5,5500,18,17,3.070557050937494,xpEHH,CO,both.CO,CO_both,574.5_CO_B_xpe_3.07_17/18,2.5
spr,5B,569,574.5,5500,19,16,2.801664299181452,xpEHH,pac,spr.pac,pac_spr,574.5_pac_S_xpe_2.80_16/19,2.5
win,5B,570,574.5,4500,15,13,2.778701726778192,Rsb,CO,win.CO,CO_win,574.5_CO_W_rsb_2.78_13/15,2.5
win,5B,570,574.5,4500,15,13,2.9291912584309556,xpEHH,CO,win.CO,CO_win,574.5_CO_W_xpe_2.93_13/15,2.5
spr,5B,571.5,574.5,3000,9,9,2.8541428090712557,Rsb,CA,spr.CA,CA_spr,574.5_CA_S_rsb_2.85_9/9,2.5
both,5B,571.5,574.5,3000,9,8,2.595836592210914,Rsb,gpl,both.gpl,gpl_both,574.5_gpl_B_rsb_2.60_8/9,2.5
win,5B,571.5,574.5,3000,9,8,2.5958196201646495,Rsb,gpl,win.gpl,gpl_win,574.5_gpl_W_rsb_2.60_8/9,2.5
spr,5B,571.5,574.5,3000,9,8,2.6962205940122157,Rsb,pac,spr.pac,pac_spr,574.5_pac_S_rsb_2.70_8/9,2.5
spr,5B,571.5,574.5,3000,9,8,2.616572830131674,Rsb,pnw,spr.pnw,pnw_spr,574.5_pnw_S_rsb_2.62_8/9,2.5
spr,5B,571.5,574.5,3000,8,7,2.7622942028076167,xpEHH,ID,spr.ID,ID_spr,574.5_ID_S_xpe_2.76_7/8,2.5
both,5B,575,579.5,4500,8,8,2.8093969927398432,Rsb,CO,both.CO,CO_both,579.5_CO_B_rsb_2.81_8/8,2.5
spr,5B,575,579.5,4500,7,7,2.5309687659246953,Rsb,ID,spr.ID,ID_spr,579.5_ID_S_rsb_2.53_7/7,2.5
both,5B,575,579.5,4500,8,8,2.719847848353915,xpEHH,CO,both.CO,CO_both,579.5_CO_B_xpe_2.72_8/8,2.5
spr,5B,582.5,585,2500,6,5,2.833709290171647,Rsb,pnw,spr.pnw,pnw_spr,585.0_pnw_S_rsb_2.83_5/6,2.5
both,5B,582.5,586,3500,6,5,2.8065400043797477,Rsb,ID,both.ID,ID_both,586.0_ID_B_rsb_2.81_5/6,2.5
both,5B,582.5,587,4500,9,8,2.70976602561251,xpEHH,CO,both.CO,CO_both,587.0_CO_B_xpe_2.71_8/9,2.5
spr,5B,582.5,587,4500,9,9,2.6474369673793885,xpEHH,pnw,spr.pnw,pnw_spr,587.0_pnw_S_xpe_2.65_9/9,2.5
both,5B,582.5,589,6500,17,17,2.838706092274948,Rsb,CO,both.CO,CO_both,589.0_CO_B_rsb_2.84_17/17,2.5
both,5B,582.5,593.5,11000,29,27,2.769847864227221,xpEHH,CA,both.CA,CA_both,593.5_CA_B_xpe_2.77_27/29,2.5
spr,5B,582.5,595.5,13000,35,34,2.680436768228607,xpEHH,CA,spr.CA,CA_spr,595.5_CA_S_xpe_2.68_34/35,2.5
spr,5B,582.5,595.5,13000,37,35,2.7185616208995227,xpEHH,pac,spr.pac,pac_spr,595.5_pac_S_xpe_2.72_35/37,2.5
win,5B,583,588.5,5500,16,13,2.548662229831821,xpEHH,CO,win.CO,CO_win,588.5_CO_W_xpe_2.55_13/16,2.5
win,5B,583,589,6000,16,16,2.643579201588154,Rsb,CO,win.CO,CO_win,589.0_CO_W_rsb_2.64_16/16,2.5
spr,5B,584,587,3000,7,7,3.3174091434260085,xpEHH,ID,spr.ID,ID_spr,587.0_ID_S_xpe_3.32_7/7,2.5
win,5B,585,589.5,4500,12,10,2.5337685593760475,xpEHH,OR,win.OR,OR_win,589.5_OR_W_xpe_2.53_10/12,2.5
both,5B,585,593.5,8500,25,24,2.65334599420889,xpEHH,pac,both.pac,pac_both,593.5_pac_B_xpe_2.65_24/25,2.5
both,5B,585,594,9000,26,25,2.9817929759165094,Rsb,TX,both.TX,TX_both,594.0_TX_B_rsb_2.98_25/26,2.5
both,5B,585.5,591.5,6000,18,15,2.6224695448201163,Rsb,IN,both.IN,IN_both,591.5_IN_B_rsb_2.62_15/18,2.5
spr,5B,586.5,589.5,3000,8,8,2.500317206056221,Rsb,pac,spr.pac,pac_spr,589.5_pac_S_rsb_2.50_8/8,2.5
both,5B,587,589.5,2500,6,6,3.011358096456743,Rsb,CA,both.CA,CA_both,589.5_CA_B_rsb_3.01_6/6,2.5
both,5B,587,593.5,6500,22,18,2.558278795946952,Rsb,ID,both.ID,ID_both,593.5_ID_B_rsb_2.56_18/22,2.5
spr,5B,670,673.5,3500,12,10,2.736434999338927,Rsb,ID,spr.ID,ID_spr,673.5_ID_S_rsb_2.74_10/12,2.5
spr,5B,677,682,5000,23,20,2.78217134334961,xpEHH,CA,spr.CA,CA_spr,682.0_CA_S_xpe_2.78_20/23,2.5
both,5B,677,682,5000,22,22,2.587378439691441,xpEHH,IN,both.IN,IN_both,682.0_IN_B_xpe_2.59_22/22,2.5
spr,5B,677,682,5000,23,22,2.969559967306785,xpEHH,pac,spr.pac,pac_spr,682.0_pac_S_xpe_2.97_22/23,2.5
spr,5B,677,687,10000,37,37,2.97460118552872,xpEHH,ID,spr.ID,ID_spr,687.0_ID_S_xpe_2.97_37/37,2.5
both,6A,32,35.5,3500,10,8,2.7238234489283792,Rsb,CA,both.CA,CA_both, 35.5_CA_B_rsb_2.72_8/10,2.5
spr,6A,32.5,39,6500,24,24,2.5530136979853095,xpEHH,ND,spr.ND,ND_spr, 39.0_ND_S_xpe_2.55_24/24,2.5
both,6A,33,35.5,2500,11,9,2.6354182397661567,Rsb,nor,both.nor,nor_both, 35.5_nor_B_rsb_2.64_9/11,2.5
win,6A,33,35.5,2500,11,9,2.9831383007607135,Rsb,nor,win.nor,nor_win, 35.5_nor_W_rsb_2.98_9/11,2.5
spr,6A,35,37.5,2500,6,5,2.721853098668502,Rsb,ND,spr.ND,ND_spr, 37.5_ND_S_rsb_2.72_5/6,2.5
spr,6A,578.5,581,2500,6,5,2.9654170100550803,Rsb,ND,spr.ND,ND_spr,581.0_ND_S_rsb_2.97_5/6,2.5
spr,6A,582,585,3000,9,7,2.6773417661588748,xpEHH,ND,spr.ND,ND_spr,585.0_ND_S_xpe_2.68_7/9,2.5
spr,6A,582,585.5,3500,10,10,3.0689012670603355,Rsb,ND,spr.ND,ND_spr,585.5_ND_S_rsb_3.07_10/10,2.5
both,6A,582.5,585.5,3000,8,8,2.75183249778167,Rsb,ND,both.ND,ND_both,585.5_ND_B_rsb_2.75_8/8,2.5
spr,6A,584,587,3000,6,5,2.593291725817682,Rsb,nor,spr.nor,nor_spr,587.0_nor_S_rsb_2.59_5/6,2.5
spr,6B,119,134.5,15500,59,59,2.9606901330774034,Rsb,pnw2,spr.pnw2,pnw2_spr,134.5_pnw2_S_rsb_2.96_59/59,2.5
spr,6B,119,134.5,15500,59,58,3.2923256675479813,xpEHH,pnw2,spr.pnw2,pnw2_spr,134.5_pnw2_S_xpe_3.29_58/59,2.5
spr,6B,122.5,135.5,13000,60,58,2.6074297167684097,Rsb,spr2,spr.spr2,spr2_spr,135.5_spr2_S_rsb_2.61_58/60,2.5
both,6B,123,126,3000,7,6,2.737705950550905,Rsb,CA,both.CA,CA_both,126.0_CA_B_rsb_2.74_6/7,2.5
spr,6B,125.5,135.5,10000,48,42,2.5823168960896443,xpEHH,spr2,spr.spr2,spr2_spr,135.5_spr2_S_xpe_2.58_42/48,2.5
both,6B,126.5,135.5,9000,37,31,2.687547469548957,Rsb,ID,both.ID,ID_both,135.5_ID_B_rsb_2.69_31/37,2.5
both,6B,126.5,135.5,9000,37,30,2.5609074008771957,Rsb,pnw2,both.pnw2,pnw2_both,135.5_pnw2_B_rsb_2.56_30/37,2.5
both,6B,130,133,3000,7,6,2.6735210765385373,Rsb,nor2,both.nor2,nor2_both,133.0_nor2_B_rsb_2.67_6/7,2.5
spr,6B,130,133,3000,6,6,2.633706081949548,Rsb,nor2,spr.nor2,nor2_spr,133.0_nor2_S_rsb_2.63_6/6,2.5
both,6B,130,133.5,3500,8,7,2.603087093465111,Rsb,SC,both.SC,SC_both,133.5_SC_B_rsb_2.60_7/8,2.5
win,6B,130,134.5,4500,9,9,2.627617017188829,Rsb,SC,win.SC,SC_win,134.5_SC_W_rsb_2.63_9/9,2.5
both,6B,130,135.5,5500,13,11,2.558984408000929,Rsb,MN,both.MN,MN_both,135.5_MN_B_rsb_2.56_11/13,2.5
both,6B,130,135.5,5500,13,12,2.7925113472546985,Rsb,pac,both.pac,pac_both,135.5_pac_B_rsb_2.79_12/13,2.5
both,6B,145.5,151.5,6000,30,26,2.7134156416748274,Rsb,all2,both.all2,all2_both,151.5_all2_B_rsb_2.71_26/30,2.5
spr,6B,145.5,157,11500,48,46,2.6750004355050203,Rsb,pac2,spr.pac2,pac2_spr,157.0_pac2_S_rsb_2.68_46/48,2.5
win,6B,145.5,159,13500,55,55,3.143443059251958,Rsb,ID,win.ID,ID_win,159.0_ID_W_rsb_3.14_55/55,2.5
spr,6B,145.5,159.5,14000,53,53,2.9741368138849755,Rsb,pnw2,spr.pnw2,pnw2_spr,159.5_pnw2_S_rsb_2.97_53/53,2.5
spr,6B,145.5,159.5,14000,53,53,3.793684680419571,xpEHH,pnw2,spr.pnw2,pnw2_spr,159.5_pnw2_S_xpe_3.79_53/53,2.5
both,6B,145.5,160,14500,58,56,3.300788767071541,Rsb,eas2,both.eas2,eas2_both,160.0_eas2_B_rsb_3.30_56/58,2.5
win,6B,145.5,160,14500,58,56,3.3059240503630742,Rsb,eas2,win.eas2,eas2_win,160.0_eas2_W_rsb_3.31_56/58,2.5
both,6B,145.5,160,14500,58,58,3.646692105442809,Rsb,ID,both.ID,ID_both,160.0_ID_B_rsb_3.65_58/58,2.5
win,6B,145.5,160,14500,58,58,3.1377285556023544,Rsb,IN,win.IN,IN_win,160.0_IN_W_rsb_3.14_58/58,2.5
both,6B,145.5,160,14500,58,58,2.977994859972576,Rsb,MN,both.MN,MN_both,160.0_MN_B_rsb_2.98_58/58,2.5
both,6B,145.5,160,14500,58,58,3.057416849840222,Rsb,pac,both.pac,pac_both,160.0_pac_B_rsb_3.06_58/58,2.5
both,6B,145.5,160,14500,58,55,3.268375325212324,Rsb,pnw2,both.pnw2,pnw2_both,160.0_pnw2_B_rsb_3.27_55/58,2.5
spr,6B,145.5,160,14500,58,58,3.149653122922916,Rsb,spr2,spr.spr2,spr2_spr,160.0_spr2_S_rsb_3.15_58/58,2.5
both,6B,145.5,160,14500,58,58,3.102487864622353,xpEHH,ID,both.ID,ID_both,160.0_ID_B_xpe_3.10_58/58,2.5
both,6B,145.5,160,14500,58,58,2.8204657245708846,xpEHH,MN,both.MN,MN_both,160.0_MN_B_xpe_2.82_58/58,2.5
both,6B,145.5,160,14500,58,58,3.077713005737873,xpEHH,pac,both.pac,pac_both,160.0_pac_B_xpe_3.08_58/58,2.5
both,6B,145.5,160,14500,58,58,3.121736388592428,xpEHH,pac2,both.pac2,pac2_both,160.0_pac2_B_xpe_3.12_58/58,2.5
spr,6B,145.5,160,14500,58,58,3.3349316029052334,xpEHH,pac2,spr.pac2,pac2_spr,160.0_pac2_S_xpe_3.33_58/58,2.5
both,6B,145.5,160,14500,58,58,3.6603537325052966,xpEHH,pnw2,both.pnw2,pnw2_both,160.0_pnw2_B_xpe_3.66_58/58,2.5
spr,6B,145.5,160,14500,58,58,3.79962425314714,xpEHH,spr2,spr.spr2,spr2_spr,160.0_spr2_S_xpe_3.80_58/58,2.5
win,6B,148,152,4000,16,15,2.5219318522012615,Rsb,pnw,win.pnw,pnw_win,152.0_pnw_W_rsb_2.52_15/16,2.5
both,6B,148,157,9000,35,33,2.755532932515769,Rsb,pac2,both.pac2,pac2_both,157.0_pac2_B_rsb_2.76_33/35,2.5
both,6B,148,158.5,10500,41,37,2.780528708923437,Rsb,ND,both.ND,ND_both,158.5_ND_B_rsb_2.78_37/41,2.5
both,6B,148,159,11000,41,39,2.8386119921092923,Rsb,CA,both.CA,CA_both,159.0_CA_B_rsb_2.84_39/41,2.5
both,6B,149,160,11000,44,39,3.030853712842497,Rsb,nor,both.nor,nor_both,160.0_nor_B_rsb_3.03_39/44,2.5
win,6B,150,159,9000,31,28,2.62977320572927,xpEHH,ID,win.ID,ID_win,159.0_ID_W_xpe_2.63_28/31,2.5
both,6B,150,160,10000,34,34,2.7751860990812514,xpEHH,CA,both.CA,CA_both,160.0_CA_B_xpe_2.78_34/34,2.5
win,6B,153.5,159.5,6000,26,26,3.225462164165848,Rsb,SC,win.SC,SC_win,159.5_SC_W_rsb_3.23_26/26,2.5
both,6B,153.5,160,6500,27,27,4.706100353722439,Rsb,all2,both.all2,all2_both,160.0_all2_B_rsb_4.71_27/27,2.5
both,6B,153.5,160,6500,27,26,4.2345899426107145,xpEHH,eas2,both.eas2,eas2_both,160.0_eas2_B_xpe_4.23_26/27,2.5
win,6B,153.5,160,6500,27,26,4.297696529642372,xpEHH,eas2,win.eas2,eas2_win,160.0_eas2_W_xpe_4.30_26/27,2.5
win,6B,154,157.5,3500,18,15,2.917783816643176,Rsb,KS,win.KS,KS_win,157.5_KS_W_rsb_2.92_15/18,2.5
both,6B,154,158.5,4500,21,18,2.7114651473208857,Rsb,MT,both.MT,MT_both,158.5_MT_B_rsb_2.71_18/21,2.5
both,6B,154,159,5000,21,21,2.655808279112595,xpEHH,ND,both.ND,ND_both,159.0_ND_B_xpe_2.66_21/21,2.5
both,6B,154,159.5,5500,23,23,3.4309661803838027,xpEHH,SC,both.SC,SC_both,159.5_SC_B_xpe_3.43_23/23,2.5
win,6B,154,159.5,5500,23,23,3.383145067417441,xpEHH,SC,win.SC,SC_win,159.5_SC_W_xpe_3.38_23/23,2.5
win,6B,154.5,159,4500,21,17,2.993531835506852,Rsb,eas,win.eas,eas_win,159.0_eas_W_rsb_2.99_17/21,2.5
both,6B,154.5,159,4500,21,18,2.8750382544693456,Rsb,IN,both.IN,IN_both,159.0_IN_B_rsb_2.88_18/21,2.5
both,6B,154.5,159.5,5000,23,20,2.999716234830733,Rsb,SC,both.SC,SC_both,159.5_SC_B_rsb_3.00_20/23,2.5
win,6B,155,159,4000,20,17,2.550267530038169,Rsb,win2,win.win2,win2_win,159.0_win2_W_rsb_2.55_17/20,2.5
both,6B,155.5,159,3500,19,16,2.547878075749479,xpEHH,all2,both.all2,all2_both,159.0_all2_B_xpe_2.55_16/19,2.5
both,6B,156,159,3000,15,12,3.0818481254407484,Rsb,pnw,both.pnw,pnw_both,159.0_pnw_B_rsb_3.08_12/15,2.5
both,6B,156.5,159,2500,7,6,2.764820578592902,Rsb,CO,both.CO,CO_both,159.0_CO_B_rsb_2.76_6/7,2.5
both,6B,156.5,159,2500,7,6,2.6871285870548314,Rsb,eas,both.eas,eas_both,159.0_eas_B_rsb_2.69_6/7,2.5
win,6B,156.5,159,2500,7,6,2.8596638914845327,Rsb,NY,win.NY,NY_win,159.0_NY_W_rsb_2.86_6/7,2.5
both,6B,173.5,177,3500,9,9,3.1286058699892165,Rsb,all2,both.all2,all2_both,177.0_all2_B_rsb_3.13_9/9,2.5
both,6B,173.5,177,3500,9,8,3.0795308975687723,Rsb,ID,both.ID,ID_both,177.0_ID_B_rsb_3.08_8/9,2.5
both,6B,173.5,177,3500,9,9,3.2495064808736593,Rsb,pnw2,both.pnw2,pnw2_both,177.0_pnw2_B_rsb_3.25_9/9,2.5
spr,6B,173.5,177,3500,9,9,2.7952828934264793,Rsb,spr2,spr.spr2,spr2_spr,177.0_spr2_S_rsb_2.80_9/9,2.5
spr,6B,173.5,177,3500,9,9,2.924878152340554,xpEHH,pnw2,spr.pnw2,pnw2_spr,177.0_pnw2_S_xpe_2.92_9/9,2.5
spr,6B,173.5,177,3500,9,9,2.946915147837033,xpEHH,spr2,spr.spr2,spr2_spr,177.0_spr2_S_xpe_2.95_9/9,2.5
both,6B,229.5,233.5,4000,7,7,2.5752943157179695,Rsb,all2,both.all2,all2_both,233.5_all2_B_rsb_2.58_7/7,2.5
spr,6B,229.5,233.5,4000,7,7,2.595216874343659,Rsb,spr2,spr.spr2,spr2_spr,233.5_spr2_S_rsb_2.60_7/7,2.5
both,6B,229.5,233.5,4000,7,7,3.166802255003449,xpEHH,pnw2,both.pnw2,pnw2_both,233.5_pnw2_B_xpe_3.17_7/7,2.5
spr,6B,229.5,233.5,4000,7,7,2.7789170876114966,xpEHH,spr2,spr.spr2,spr2_spr,233.5_spr2_S_xpe_2.78_7/7,2.5
spr,6B,256,263,7000,15,15,0.52,Fst,pnw2,spr.pnw2,pnw2_spr,263.0_pnw2_S_fst_0.52_15/15,0.52
spr,6B,437,441,4000,7,7,2.6092019682013468,Rsb,spr2,spr.spr2,spr2_spr,441.0_spr2_S_rsb_2.61_7/7,2.5
both,6B,437,441,4000,7,6,2.78730731757655,xpEHH,pnw2,both.pnw2,pnw2_both,441.0_pnw2_B_xpe_2.79_6/7,2.5
spr,6B,437,441,4000,7,7,2.8676215938110667,xpEHH,spr2,spr.spr2,spr2_spr,441.0_spr2_S_xpe_2.87_7/7,2.5
both,6B,460,464.5,4500,7,7,4.4235326382318885,Rsb,all2,both.all2,all2_both,464.5_all2_B_rsb_4.42_7/7,2.5
both,6B,460,464.5,4500,7,6,2.7066844837827304,Rsb,eas2,both.eas2,eas2_both,464.5_eas2_B_rsb_2.71_6/7,2.5
win,6B,460,464.5,4500,7,6,2.687170059497048,Rsb,eas2,win.eas2,eas2_win,464.5_eas2_W_rsb_2.69_6/7,2.5
both,6B,460,464.5,4500,7,7,2.6864035784952973,Rsb,pnw,both.pnw,pnw_both,464.5_pnw_B_rsb_2.69_7/7,2.5
both,6B,460,464.5,4500,7,7,2.8636143727466283,Rsb,pnw2,both.pnw2,pnw2_both,464.5_pnw2_B_rsb_2.86_7/7,2.5
spr,6B,460,464.5,4500,7,7,3.3160740046169814,Rsb,pnw2,spr.pnw2,pnw2_spr,464.5_pnw2_S_rsb_3.32_7/7,2.5
spr,6B,460,464.5,4500,7,7,3.191011867428424,Rsb,spr2,spr.spr2,spr2_spr,464.5_spr2_S_rsb_3.19_7/7,2.5
both,6B,460,464.5,4500,7,6,2.806368588653927,Rsb,WA,both.WA,WA_both,464.5_WA_B_rsb_2.81_6/7,2.5
both,6B,460,464.5,4500,7,7,5.968660893032416,xpEHH,all2,both.all2,all2_both,464.5_all2_B_xpe_5.97_7/7,2.5
both,6B,460,464.5,4500,7,7,3.4970855668602514,xpEHH,eas2,both.eas2,eas2_both,464.5_eas2_B_xpe_3.50_7/7,2.5
win,6B,460,464.5,4500,7,7,3.441917179580499,xpEHH,eas2,win.eas2,eas2_win,464.5_eas2_W_xpe_3.44_7/7,2.5
both,6B,460,464.5,4500,7,7,3.5491836443996414,xpEHH,ID,both.ID,ID_both,464.5_ID_B_xpe_3.55_7/7,2.5
both,6B,460,464.5,4500,7,7,2.8547969115856517,xpEHH,MN,both.MN,MN_both,464.5_MN_B_xpe_2.85_7/7,2.5
both,6B,460,464.5,4500,7,7,3.183712475458854,xpEHH,nor,both.nor,nor_both,464.5_nor_B_xpe_3.18_7/7,2.5
both,6B,460,464.5,4500,7,7,2.962335958182944,xpEHH,pnw,both.pnw,pnw_both,464.5_pnw_B_xpe_2.96_7/7,2.5
both,6B,460,464.5,4500,7,7,4.027735402362625,xpEHH,pnw2,both.pnw2,pnw2_both,464.5_pnw2_B_xpe_4.03_7/7,2.5
spr,6B,460,464.5,4500,7,7,3.470728245524323,xpEHH,pnw2,spr.pnw2,pnw2_spr,464.5_pnw2_S_xpe_3.47_7/7,2.5
spr,6B,460,464.5,4500,7,7,3.207876455710902,xpEHH,spr2,spr.spr2,spr2_spr,464.5_spr2_S_xpe_3.21_7/7,2.5
both,6B,460,464.5,4500,7,7,2.6194628606125248,xpEHH,WA,both.WA,WA_both,464.5_WA_B_xpe_2.62_7/7,2.5
both,6B,467,470,3000,6,5,2.8545880893268105,Rsb,nor,both.nor,nor_both,470.0_nor_B_rsb_2.85_5/6,2.5
both,6B,467,473,6000,20,20,5.3674030549898974,Rsb,all2,both.all2,all2_both,473.0_all2_B_rsb_5.37_20/20,2.5
both,6B,467,473,6000,20,19,3.2535157137121153,Rsb,eas2,both.eas2,eas2_both,473.0_eas2_B_rsb_3.25_19/20,2.5
win,6B,467,473,6000,20,19,3.1414044433306514,Rsb,eas2,win.eas2,eas2_win,473.0_eas2_W_rsb_3.14_19/20,2.5
both,6B,467,473,6000,20,20,2.9035976398307235,Rsb,ID,both.ID,ID_both,473.0_ID_B_rsb_2.90_20/20,2.5
both,6B,467,473,6000,20,20,3.041264907287545,Rsb,pnw2,both.pnw2,pnw2_both,473.0_pnw2_B_rsb_3.04_20/20,2.5
spr,6B,467,473,6000,20,20,3.0886283445195164,Rsb,spr2,spr.spr2,spr2_spr,473.0_spr2_S_rsb_3.09_20/20,2.5
both,6B,467,473,6000,20,20,6.34581627106739,xpEHH,all2,both.all2,all2_both,473.0_all2_B_xpe_6.35_20/20,2.5
both,6B,467,473,6000,20,20,4.375550736953864,xpEHH,eas2,both.eas2,eas2_both,473.0_eas2_B_xpe_4.38_20/20,2.5
win,6B,467,473,6000,20,20,4.286508320292266,xpEHH,eas2,win.eas2,eas2_win,473.0_eas2_W_xpe_4.29_20/20,2.5
both,6B,467,473,6000,20,20,3.9829117224779345,xpEHH,ID,both.ID,ID_both,473.0_ID_B_xpe_3.98_20/20,2.5
both,6B,467,473,6000,20,20,3.139513328612424,xpEHH,MN,both.MN,MN_both,473.0_MN_B_xpe_3.14_20/20,2.5
both,6B,467,473,6000,20,20,2.7908426133851716,xpEHH,MT,both.MT,MT_both,473.0_MT_B_xpe_2.79_20/20,2.5
both,6B,467,473,6000,20,20,2.624606338503899,xpEHH,ND,both.ND,ND_both,473.0_ND_B_xpe_2.62_20/20,2.5
both,6B,467,473,6000,20,20,3.359777314746008,xpEHH,nor,both.nor,nor_both,473.0_nor_B_xpe_3.36_20/20,2.5
both,6B,467,473,6000,20,20,2.905645143392468,xpEHH,pac,both.pac,pac_both,473.0_pac_B_xpe_2.91_20/20,2.5
both,6B,467,473,6000,20,20,3.556446174167659,xpEHH,pnw,both.pnw,pnw_both,473.0_pnw_B_xpe_3.56_20/20,2.5
win,6B,467,473,6000,20,18,2.531540941910324,xpEHH,pnw,win.pnw,pnw_win,473.0_pnw_W_xpe_2.53_18/20,2.5
both,6B,467,473,6000,20,20,3.5933277941454578,xpEHH,pnw2,both.pnw2,pnw2_both,473.0_pnw2_B_xpe_3.59_20/20,2.5
spr,6B,467,473,6000,20,20,3.1066721559213377,xpEHH,spr2,spr.spr2,spr2_spr,473.0_spr2_S_xpe_3.11_20/20,2.5
both,6B,467,473,6000,20,20,3.0579807550681752,xpEHH,WA,both.WA,WA_both,473.0_WA_B_xpe_3.06_20/20,2.5
win,6B,467,473,6000,20,20,2.6355437663041723,xpEHH,WA,win.WA,WA_win,473.0_WA_W_xpe_2.64_20/20,2.5
spr,6B,468,473,5000,16,14,2.5042182422764125,Rsb,pnw2,spr.pnw2,pnw2_spr,473.0_pnw2_S_rsb_2.50_14/16,2.5
both,6B,468,473,5000,17,17,2.5191256677582294,xpEHH,CA,both.CA,CA_both,473.0_CA_B_xpe_2.52_17/17,2.5
spr,6B,468,473,5000,16,16,2.7896795014969196,xpEHH,pnw2,spr.pnw2,pnw2_spr,473.0_pnw2_S_xpe_2.79_16/16,2.5
both,6B,470.5,473,2500,11,9,2.9562632487906706,Rsb,pnw,both.pnw,pnw_both,473.0_pnw_B_rsb_2.96_9/11,2.5
both,6B,474,476.5,2500,6,6,3.9921335704563594,Rsb,all2,both.all2,all2_both,476.5_all2_B_rsb_3.99_6/6,2.5
spr,6B,474,476.5,2500,6,6,2.8423583050978647,Rsb,spr2,spr.spr2,spr2_spr,476.5_spr2_S_rsb_2.84_6/6,2.5
both,6B,474,476.5,2500,6,6,4.27355111924723,xpEHH,all2,both.all2,all2_both,476.5_all2_B_xpe_4.27_6/6,2.5
both,6B,474,476.5,2500,6,5,2.5499346964758822,xpEHH,eas2,both.eas2,eas2_both,476.5_eas2_B_xpe_2.55_5/6,2.5
both,6B,474,476.5,2500,6,6,2.847411847818875,xpEHH,ID,both.ID,ID_both,476.5_ID_B_xpe_2.85_6/6,2.5
both,6B,474,476.5,2500,6,6,2.9273358254503457,xpEHH,pnw2,both.pnw2,pnw2_both,476.5_pnw2_B_xpe_2.93_6/6,2.5
spr,6B,474,476.5,2500,6,6,2.711036829347881,xpEHH,pnw2,spr.pnw2,pnw2_spr,476.5_pnw2_S_xpe_2.71_6/6,2.5
spr,6B,474,476.5,2500,6,6,3.0164091221414666,xpEHH,spr2,spr.spr2,spr2_spr,476.5_spr2_S_xpe_3.02_6/6,2.5
spr,6B,524.5,529,4500,11,11,2.53532196239614,Rsb,pnw2,spr.pnw2,pnw2_spr,529.0_pnw2_S_rsb_2.54_11/11,2.5
spr,6B,524.5,529,4500,11,11,2.6113058191918372,xpEHH,pnw2,spr.pnw2,pnw2_spr,529.0_pnw2_S_xpe_2.61_11/11,2.5
spr,6B,524.5,529,4500,11,11,2.9895295824437453,xpEHH,spr2,spr.spr2,spr2_spr,529.0_spr2_S_xpe_2.99_11/11,2.5
spr,6B,529.5,533,3500,7,7,2.527450095333198,Rsb,pnw2,spr.pnw2,pnw2_spr,533.0_pnw2_S_rsb_2.53_7/7,2.5
spr,6B,529.5,533,3500,7,7,2.5832350015336414,Rsb,spr2,spr.spr2,spr2_spr,533.0_spr2_S_rsb_2.58_7/7,2.5
spr,6B,529.5,533,3500,7,7,2.6677501941251274,xpEHH,pnw2,spr.pnw2,pnw2_spr,533.0_pnw2_S_xpe_2.67_7/7,2.5
spr,6B,529.5,533,3500,7,7,3.0450444852604748,xpEHH,spr2,spr.spr2,spr2_spr,533.0_spr2_S_xpe_3.05_7/7,2.5
spr,6B,557,565,8000,24,24,2.52842808643583,Rsb,pnw2,spr.pnw2,pnw2_spr,565.0_pnw2_S_rsb_2.53_24/24,2.5
spr,6B,557,565,8000,24,24,2.676671216617151,Rsb,spr2,spr.spr2,spr2_spr,565.0_spr2_S_rsb_2.68_24/24,2.5
spr,6B,557,565,8000,24,24,2.542143071181994,xpEHH,pac2,spr.pac2,pac2_spr,565.0_pac2_S_xpe_2.54_24/24,2.5
spr,6B,557,565,8000,24,24,2.710473961192256,xpEHH,pnw2,spr.pnw2,pnw2_spr,565.0_pnw2_S_xpe_2.71_24/24,2.5
spr,6B,557,565,8000,24,24,2.900635188502865,xpEHH,spr2,spr.spr2,spr2_spr,565.0_spr2_S_xpe_2.90_24/24,2.5
spr,6B,567,570,3000,6,6,2.672838127265409,Rsb,WA,spr.WA,WA_spr,570.0_WA_S_rsb_2.67_6/6,2.5
both,6B,567,570,3000,6,6,2.555161076762563,xpEHH,pac2,both.pac2,pac2_both,570.0_pac2_B_xpe_2.56_6/6,2.5
both,6B,567,570,3000,6,6,2.6007084542525685,xpEHH,pnw2,both.pnw2,pnw2_both,570.0_pnw2_B_xpe_2.60_6/6,2.5
spr,6B,567,570,3000,6,6,2.789148109519528,xpEHH,pnw2,spr.pnw2,pnw2_spr,570.0_pnw2_S_xpe_2.79_6/6,2.5
spr,6B,567,570,3000,6,6,2.9858480002423056,xpEHH,spr2,spr.spr2,spr2_spr,570.0_spr2_S_xpe_2.99_6/6,2.5
spr,6B,567,570,3000,6,6,2.5309389170247716,xpEHH,WA,spr.WA,WA_spr,570.0_WA_S_xpe_2.53_6/6,2.5
spr,6B,574,579,5000,18,17,2.531209084828848,Rsb,WA,spr.WA,WA_spr,579.0_WA_S_rsb_2.53_17/18,2.5
both,6B,574,579,5000,19,18,2.5132081808849316,xpEHH,pnw2,both.pnw2,pnw2_both,579.0_pnw2_B_xpe_2.51_18/19,2.5
spr,6B,574,579,5000,18,17,2.630002981126422,xpEHH,pnw2,spr.pnw2,pnw2_spr,579.0_pnw2_S_xpe_2.63_17/18,2.5
spr,6B,574,579,5000,19,18,2.7197923598328733,xpEHH,spr2,spr.spr2,spr2_spr,579.0_spr2_S_xpe_2.72_18/19,2.5
spr,6B,574,579,5000,18,18,2.592008326311086,xpEHH,WA,spr.WA,WA_spr,579.0_WA_S_xpe_2.59_18/18,2.5
both,6B,574.5,579,4500,17,14,3.211180641016358,Rsb,pnw2,both.pnw2,pnw2_both,579.0_pnw2_B_rsb_3.21_14/17,2.5
spr,6B,574.5,579,4500,16,16,2.9687093150829296,Rsb,pnw2,spr.pnw2,pnw2_spr,579.0_pnw2_S_rsb_2.97_16/16,2.5
spr,6B,574.5,579,4500,17,16,2.6740215772587916,Rsb,spr2,spr.spr2,spr2_spr,579.0_spr2_S_rsb_2.67_16/17,2.5
both,6B,575,578.5,3500,6,5,2.8922944848128,Rsb,pac2,both.pac2,pac2_both,578.5_pac2_B_rsb_2.89_5/6,2.5
spr,6B,575,578.5,3500,6,5,2.7155842415223077,Rsb,pac2,spr.pac2,pac2_spr,578.5_pac2_S_rsb_2.72_5/6,2.5
both,6B,593,597.5,4500,13,12,2.539640636957164,Rsb,pnw2,both.pnw2,pnw2_both,597.5_pnw2_B_rsb_2.54_12/13,2.5
both,6B,632,636.5,4500,13,13,2.561099951245069,Rsb,pnw2,both.pnw2,pnw2_both,636.5_pnw2_B_rsb_2.56_13/13,2.5
spr,6B,632,636.5,4500,13,13,2.5888145480691556,Rsb,pnw2,spr.pnw2,pnw2_spr,636.5_pnw2_S_rsb_2.59_13/13,2.5
spr,6B,632,636.5,4500,13,12,2.763157473331269,Rsb,WA,spr.WA,WA_spr,636.5_WA_S_rsb_2.76_12/13,2.5
spr,6B,632,636.5,4500,13,13,3.187285839405761,xpEHH,WA,spr.WA,WA_spr,636.5_WA_S_xpe_3.19_13/13,2.5
both,6B,639,647.5,8500,22,21,2.951679734274888,Rsb,gpl,both.gpl,gpl_both,647.5_gpl_B_rsb_2.95_21/22,2.5
both,6B,639,647.5,8500,22,21,2.7278858892844378,Rsb,NE,both.NE,NE_both,647.5_NE_B_rsb_2.73_21/22,2.5
spr,6B,639,647.5,8500,22,22,3.2003094426572845,Rsb,WA,spr.WA,WA_spr,647.5_WA_S_rsb_3.20_22/22,2.5
spr,6B,639,647.5,8500,22,22,3.281317960127632,xpEHH,WA,spr.WA,WA_spr,647.5_WA_S_xpe_3.28_22/22,2.5
both,6B,641,647.5,6500,19,16,2.7492508865655223,Rsb,eas2,both.eas2,eas2_both,647.5_eas2_B_rsb_2.75_16/19,2.5
both,6B,641,647.5,6500,19,19,2.8637684905698166,xpEHH,gpl,both.gpl,gpl_both,647.5_gpl_B_xpe_2.86_19/19,2.5
win,6B,641,647.5,6500,19,18,2.7235643886755647,xpEHH,gpl,win.gpl,gpl_win,647.5_gpl_W_xpe_2.72_18/19,2.5
both,6B,641,647.5,6500,19,19,2.8212270128056898,xpEHH,NE,both.NE,NE_both,647.5_NE_B_xpe_2.82_19/19,2.5
both,6B,642,646.5,4500,13,11,2.7695835371112874,xpEHH,TX,both.TX,TX_both,646.5_TX_B_xpe_2.77_11/13,2.5
win,6B,642,647.5,5500,13,13,3.0936136386164743,Rsb,gpl,win.gpl,gpl_win,647.5_gpl_W_rsb_3.09_13/13,2.5
both,6B,642,647.5,5500,13,12,2.7618551857032507,Rsb,KS,both.KS,KS_both,647.5_KS_B_rsb_2.76_12/13,2.5
win,6B,642,647.5,5500,13,11,2.641976933527423,Rsb,KS,win.KS,KS_win,647.5_KS_W_rsb_2.64_11/13,2.5
win,6B,642,647.5,5500,13,12,2.85688474600972,Rsb,NE,win.NE,NE_win,647.5_NE_W_rsb_2.86_12/13,2.5
both,6B,642,647.5,5500,13,12,2.6488603752162176,Rsb,TX,both.TX,TX_both,647.5_TX_B_rsb_2.65_12/13,2.5
win,6B,642,647.5,5500,13,13,2.91039015300792,xpEHH,NE,win.NE,NE_win,647.5_NE_W_xpe_2.91_13/13,2.5
both,6B,643.5,647.5,4000,13,11,2.5410362560563957,xpEHH,eas2,both.eas2,eas2_both,647.5_eas2_B_xpe_2.54_11/13,2.5
win,6B,643.5,647.5,4000,13,11,2.531988525102644,xpEHH,eas2,win.eas2,eas2_win,647.5_eas2_W_xpe_2.53_11/13,2.5
win,6B,644,647.5,3500,12,10,2.981715560546873,Rsb,eas2,win.eas2,eas2_win,647.5_eas2_W_rsb_2.98_10/12,2.5
win,6B,644.5,647.5,3000,7,7,2.8278092210532053,Rsb,win2,win.win2,win2_win,647.5_win2_W_rsb_2.83_7/7,2.5
both,6B,644.5,647.5,3000,7,6,2.949540684231484,xpEHH,all2,both.all2,all2_both,647.5_all2_B_xpe_2.95_6/7,2.5
win,6B,644.5,647.5,3000,7,7,2.595896757395406,xpEHH,pnw2,win.pnw2,pnw2_win,647.5_pnw2_W_xpe_2.60_7/7,2.5
both,6B,644.5,647.5,3000,7,6,2.9441051006543373,xpEHH,SC,both.SC,SC_both,647.5_SC_B_xpe_2.94_6/7,2.5
win,6B,644.5,647.5,3000,7,6,2.54480020914452,xpEHH,SC,win.SC,SC_win,647.5_SC_W_xpe_2.54_6/7,2.5
win,6B,644.5,647.5,3000,7,6,3.1880788089677043,xpEHH,win2,win.win2,win2_win,647.5_win2_W_xpe_3.19_6/7,2.5
spr,6B,659,664,5000,14,14,2.644800720237529,Rsb,WA,spr.WA,WA_spr,664.0_WA_S_rsb_2.64_14/14,2.5
both,7A,511.5,514.5,3000,7,6,2.5513114278453117,Rsb,KS,both.KS,KS_both,514.5_KS_B_rsb_2.55_6/7,2.5
both,7A,538.5,541,2500,6,6,2.6706756524170263,xpEHH,KS,both.KS,KS_both,541.0_KS_B_xpe_2.67_6/6,2.5
win,7A,538.5,541,2500,6,6,3.161069516293991,xpEHH,KS,win.KS,KS_win,541.0_KS_W_xpe_3.16_6/6,2.5
both,7A,608,613,5000,18,18,2.6569440635146515,xpEHH,MT,both.MT,MT_both,613.0_MT_B_xpe_2.66_18/18,2.5
win,7A,608.5,613,4500,15,13,2.6486626678491727,Rsb,KS,win.KS,KS_win,613.0_KS_W_rsb_2.65_13/15,2.5
win,7A,642.5,645,2500,6,6,2.6871931412156007,xpEHH,KS,win.KS,KS_win,645.0_KS_W_xpe_2.69_6/6,2.5
win,7A,642.5,645,2500,6,6,2.674100797700012,xpEHH,nor,win.nor,nor_win,645.0_nor_W_xpe_2.67_6/6,2.5
win,7A,643,647,4000,8,6,2.555724751320416,Rsb,KS,win.KS,KS_win,647.0_KS_W_rsb_2.56_6/8,2.5
win,7A,708.5,711,2500,6,6,2.728624895576028,Rsb,win2,win.win2,win2_win,711.0_win2_W_rsb_2.73_6/6,2.5
win,7A,708.5,711.5,3000,7,6,3.269982639860101,xpEHH,win2,win.win2,win2_win,711.5_win2_W_xpe_3.27_6/7,2.5
both,7B,45.5,48,2500,6,5,2.5487663492703843,Rsb,MT,both.MT,MT_both, 48.0_MT_B_rsb_2.55_5/6,2.5
both,7B,487.5,493.5,6000,12,12,2.814142576615154,xpEHH,TX,both.TX,TX_both,493.5_TX_B_xpe_2.81_12/12,2.5
both,7B,563.5,572,8500,20,20,2.7314592734932024,xpEHH,TX,both.TX,TX_both,572.0_TX_B_xpe_2.73_20/20,2.5
win,7B,582,590,8000,22,22,2.5966835288806367,Rsb,nor,win.nor,nor_win,590.0_nor_W_rsb_2.60_22/22,2.5
win,7B,606.5,611,4500,8,8,2.819567132798199,Rsb,nor,win.nor,nor_win,611.0_nor_W_rsb_2.82_8/8,2.5
win,7B,606.5,611,4500,8,8,2.8371290684399058,xpEHH,nor,win.nor,nor_win,611.0_nor_W_xpe_2.84_8/8,2.5
win,7B,636.5,645.5,9000,34,28,2.705380276554103,Rsb,nor,win.nor,nor_win,645.5_nor_W_rsb_2.71_28/34,2.5
both,7B,700,703,3000,32,28,3.401988628785217,Rsb,pnw,both.pnw,pnw_both,703.0_pnw_B_rsb_3.40_28/32,2.5
both,7B,700,703,3000,32,27,2.5775013707668464,xpEHH,ID,both.ID,ID_both,703.0_ID_B_xpe_2.58_27/32,2.5
both,7B,700,703,3000,32,28,3.0822077314066507,xpEHH,pnw,both.pnw,pnw_both,703.0_pnw_B_xpe_3.08_28/32,2.5
win,7B,700,703.5,3500,30,26,2.8480895911011186,xpEHH,ID,win.ID,ID_win,703.5_ID_W_xpe_2.85_26/30,2.5
win,7B,700,703.5,3500,39,35,3.2355125395649256,xpEHH,pnw,win.pnw,pnw_win,703.5_pnw_W_xpe_3.24_35/39,2.5
win,7B,700,706.5,6500,54,51,3.0877179811055733,Rsb,pnw,win.pnw,pnw_win,706.5_pnw_W_rsb_3.09_51/54,2.5
both,7B,700.5,703,2500,24,21,3.0042145997296794,xpEHH,WA,both.WA,WA_both,703.0_WA_B_xpe_3.00_21/24,2.5
win,7B,700.5,708,7500,39,33,2.992509085836992,Rsb,ID,win.ID,ID_win,708.0_ID_W_rsb_2.99_33/39,2.5
